Season,Round,EventName,Circuit,SessionType,EventDate,DriverNumber,Abbreviation,DriverId,TeamName,TeamId,FirstName,LastName,HeadshotUrl,Position,ClassifiedPosition,GridPosition,Q1,Q2,Q3,Time,Status,Points,Laps,AirTemp_mean,TrackTemp_mean,Humidity_mean,WindSpeed_mean,Rainfall
2018,1,Australian Grand Prix,Melbourne,Q,2018-03-25,44,HAM,hamilton,Mercedes,mercedes,Lewis,Hamilton,,1.0,,,0 days 00:01:22.824000,0 days 00:01:22.051000,0 days 00:01:21.164000,,,,,24.7,30.5,60.6,0.8,False
2018,1,Australian Grand Prix,Melbourne,Q,2018-03-25,7,RAI,raikkonen,Ferrari,ferrari,Kimi,Räikkönen,,2.0,,,0 days 00:01:23.096000,0 days 00:01:22.507000,0 days 00:01:21.828000,,,,,24.7,30.5,60.6,0.8,False
2018,1,Australian Grand Prix,Melbourne,Q,2018-03-25,5,VET,vettel,Ferrari,ferrari,Sebastian,Vettel,,3.0,,,0 days 00:01:23.348000,0 days 00:01:21.944000,0 days 00:01:21.838000,,,,,24.7,30.5,60.6,0.8,False
2018,1,Australian Grand Prix,Melbourne,Q,2018-03-25,33,VER,max_verstappen,Red Bull Racing,red_bull,Max,Verstappen,,4.0,,,0 days 00:01:23.483000,0 days 00:01:22.416000,0 days 00:01:21.879000,,,,,24.7,30.5,60.6,0.8,False
2018,1,Australian Grand Prix,Melbourne,Q,2018-03-25,3,RIC,ricciardo,Red Bull Racing,red_bull,Daniel,Ricciardo,,5.0,,,0 days 00:01:23.494000,0 days 00:01:22.897000,0 days 00:01:22.152000,,,,,24.7,30.5,60.6,0.8,False
2018,1,Australian Grand Prix,Melbourne,Q,2018-03-25,20,MAG,kevin_magnussen,Haas F1 Team,haas,Kevin,Magnussen,,6.0,,,0 days 00:01:23.909000,0 days 00:01:23.300000,0 days 00:01:23.187000,,,,,24.7,30.5,60.6,0.8,False
2018,1,Australian Grand Prix,Melbourne,Q,2018-03-25,8,GRO,grosjean,Haas F1 Team,haas,Romain,Grosjean,,7.0,,,0 days 00:01:23.671000,0 days 00:01:23.468000,0 days 00:01:23.339000,,,,,24.7,30.5,60.6,0.8,False
2018,1,Australian Grand Prix,Melbourne,Q,2018-03-25,27,HUL,hulkenberg,Renault,renault,Nico,Hulkenberg,,8.0,,,0 days 00:01:23.782000,0 days 00:01:23.544000,0 days 00:01:23.532000,,,,,24.7,30.5,60.6,0.8,False
2018,1,Australian Grand Prix,Melbourne,Q,2018-03-25,55,SAI,sainz,Renault,renault,Carlos,Sainz,,9.0,,,0 days 00:01:23.529000,0 days 00:01:23.061000,0 days 00:01:23.577000,,,,,24.7,30.5,60.6,0.8,False
2018,1,Australian Grand Prix,Melbourne,Q,2018-03-25,77,BOT,bottas,Mercedes,mercedes,Valtteri,Bottas,,10.0,,,0 days 00:01:23.686000,0 days 00:01:22.089000,,,,,,24.7,30.5,60.6,0.8,False
2018,1,Australian Grand Prix,Melbourne,Q,2018-03-25,14,ALO,alonso,McLaren,mclaren,Fernando,Alonso,,11.0,,,0 days 00:01:23.597000,0 days 00:01:23.692000,,,,,,24.7,30.5,60.6,0.8,False
2018,1,Australian Grand Prix,Melbourne,Q,2018-03-25,2,VAN,vandoorne,McLaren,mclaren,Stoffel,Vandoorne,,12.0,,,0 days 00:01:24.073000,0 days 00:01:23.853000,,,,,,24.7,30.5,60.6,0.8,False
2018,1,Australian Grand Prix,Melbourne,Q,2018-03-25,11,PER,perez,Force India,force_india,Sergio,Perez,,13.0,,,0 days 00:01:24.344000,0 days 00:01:24.005000,,,,,,24.7,30.5,60.6,0.8,False
2018,1,Australian Grand Prix,Melbourne,Q,2018-03-25,18,STR,stroll,Williams,williams,Lance,Stroll,,14.0,,,0 days 00:01:24.464000,0 days 00:01:24.230000,,,,,,24.7,30.5,60.6,0.8,False
2018,1,Australian Grand Prix,Melbourne,Q,2018-03-25,31,OCO,ocon,Force India,force_india,Esteban,Ocon,,15.0,,,0 days 00:01:24.503000,0 days 00:01:24.786000,,,,,,24.7,30.5,60.6,0.8,False
2018,1,Australian Grand Prix,Melbourne,Q,2018-03-25,28,HAR,brendon_hartley,Toro Rosso,toro_rosso,Brendon,Hartley,,16.0,,,0 days 00:01:24.532000,,,,,,,24.7,30.5,60.6,0.8,False
2018,1,Australian Grand Prix,Melbourne,Q,2018-03-25,9,ERI,ericsson,Sauber,sauber,Marcus,Ericsson,,17.0,,,0 days 00:01:24.556000,,,,,,,24.7,30.5,60.6,0.8,False
2018,1,Australian Grand Prix,Melbourne,Q,2018-03-25,16,LEC,leclerc,Sauber,sauber,Charles,Leclerc,,18.0,,,0 days 00:01:24.636000,,,,,,,24.7,30.5,60.6,0.8,False
2018,1,Australian Grand Prix,Melbourne,Q,2018-03-25,35,SIR,sirotkin,Williams,williams,Sergey,Sirotkin,,19.0,,,0 days 00:01:24.922000,,,,,,,24.7,30.5,60.6,0.8,False
2018,1,Australian Grand Prix,Melbourne,Q,2018-03-25,10,GAS,gasly,Toro Rosso,toro_rosso,Pierre,Gasly,,20.0,,,0 days 00:01:25.295000,,,,,,,24.7,30.5,60.6,0.8,False
2018,2,Bahrain Grand Prix,Sakhir,Q,2018-04-08,5,VET,vettel,Ferrari,ferrari,Sebastian,Vettel,,1.0,,,0 days 00:01:29.060000,0 days 00:01:28.341000,0 days 00:01:27.958000,,,,,28.2,31.9,43.0,0.7,False
2018,2,Bahrain Grand Prix,Sakhir,Q,2018-04-08,7,RAI,raikkonen,Ferrari,ferrari,Kimi,Räikkönen,,2.0,,,0 days 00:01:28.951000,0 days 00:01:28.515000,0 days 00:01:28.101000,,,,,28.2,31.9,43.0,0.7,False
2018,2,Bahrain Grand Prix,Sakhir,Q,2018-04-08,77,BOT,bottas,Mercedes,mercedes,Valtteri,Bottas,,3.0,,,0 days 00:01:29.275000,0 days 00:01:28.794000,0 days 00:01:28.124000,,,,,28.2,31.9,43.0,0.7,False
2018,2,Bahrain Grand Prix,Sakhir,Q,2018-04-08,44,HAM,hamilton,Mercedes,mercedes,Lewis,Hamilton,,4.0,,,0 days 00:01:29.396000,0 days 00:01:28.458000,0 days 00:01:28.220000,,,,,28.2,31.9,43.0,0.7,False
2018,2,Bahrain Grand Prix,Sakhir,Q,2018-04-08,3,RIC,ricciardo,Red Bull Racing,red_bull,Daniel,Ricciardo,,5.0,,,0 days 00:01:29.552000,0 days 00:01:28.962000,0 days 00:01:28.398000,,,,,28.2,31.9,43.0,0.7,False
2018,2,Bahrain Grand Prix,Sakhir,Q,2018-04-08,10,GAS,gasly,Toro Rosso,toro_rosso,Pierre,Gasly,,6.0,,,0 days 00:01:30.121000,0 days 00:01:29.836000,0 days 00:01:29.329000,,,,,28.2,31.9,43.0,0.7,False
2018,2,Bahrain Grand Prix,Sakhir,Q,2018-04-08,20,MAG,kevin_magnussen,Haas F1 Team,haas,Kevin,Magnussen,,7.0,,,0 days 00:01:29.594000,0 days 00:01:29.623000,0 days 00:01:29.358000,,,,,28.2,31.9,43.0,0.7,False
2018,2,Bahrain Grand Prix,Sakhir,Q,2018-04-08,27,HUL,hulkenberg,Renault,renault,Nico,Hulkenberg,,8.0,,,0 days 00:01:30.260000,0 days 00:01:29.187000,0 days 00:01:29.570000,,,,,28.2,31.9,43.0,0.7,False
2018,2,Bahrain Grand Prix,Sakhir,Q,2018-04-08,31,OCO,ocon,Force India,force_india,Esteban,Ocon,,9.0,,,0 days 00:01:30.338000,0 days 00:01:30.009000,0 days 00:01:29.874000,,,,,28.2,31.9,43.0,0.7,False
2018,2,Bahrain Grand Prix,Sakhir,Q,2018-04-08,55,SAI,sainz,Renault,renault,Carlos,Sainz,,10.0,,,0 days 00:01:29.893000,0 days 00:01:29.802000,0 days 00:01:29.986000,,,,,28.2,31.9,43.0,0.7,False
2018,2,Bahrain Grand Prix,Sakhir,Q,2018-04-08,28,HAR,brendon_hartley,Toro Rosso,toro_rosso,Brendon,Hartley,,11.0,,,0 days 00:01:30.412000,0 days 00:01:30.105000,,,,,,28.2,31.9,43.0,0.7,False
2018,2,Bahrain Grand Prix,Sakhir,Q,2018-04-08,11,PER,perez,Force India,force_india,Sergio,Perez,,12.0,,,0 days 00:01:30.218000,0 days 00:01:30.156000,,,,,,28.2,31.9,43.0,0.7,False
2018,2,Bahrain Grand Prix,Sakhir,Q,2018-04-08,14,ALO,alonso,McLaren,mclaren,Fernando,Alonso,,13.0,,,0 days 00:01:30.530000,0 days 00:01:30.212000,,,,,,28.2,31.9,43.0,0.7,False
2018,2,Bahrain Grand Prix,Sakhir,Q,2018-04-08,2,VAN,vandoorne,McLaren,mclaren,Stoffel,Vandoorne,,14.0,,,0 days 00:01:30.479000,0 days 00:01:30.525000,,,,,,28.2,31.9,43.0,0.7,False
2018,2,Bahrain Grand Prix,Sakhir,Q,2018-04-08,33,VER,max_verstappen,Red Bull Racing,red_bull,Max,Verstappen,,15.0,,,0 days 00:01:29.374000,,,,,,,28.2,31.9,43.0,0.7,False
2018,2,Bahrain Grand Prix,Sakhir,Q,2018-04-08,8,GRO,grosjean,Haas F1 Team,haas,Romain,Grosjean,,16.0,,,0 days 00:01:30.530000,,,,,,,28.2,31.9,43.0,0.7,False
2018,2,Bahrain Grand Prix,Sakhir,Q,2018-04-08,9,ERI,ericsson,Sauber,sauber,Marcus,Ericsson,,17.0,,,0 days 00:01:31.063000,,,,,,,28.2,31.9,43.0,0.7,False
2018,2,Bahrain Grand Prix,Sakhir,Q,2018-04-08,35,SIR,sirotkin,Williams,williams,Sergey,Sirotkin,,18.0,,,0 days 00:01:31.414000,,,,,,,28.2,31.9,43.0,0.7,False
2018,2,Bahrain Grand Prix,Sakhir,Q,2018-04-08,16,LEC,leclerc,Sauber,sauber,Charles,Leclerc,,19.0,,,0 days 00:01:31.420000,,,,,,,28.2,31.9,43.0,0.7,False
2018,2,Bahrain Grand Prix,Sakhir,Q,2018-04-08,18,STR,stroll,Williams,williams,Lance,Stroll,,20.0,,,0 days 00:01:31.503000,,,,,,,28.2,31.9,43.0,0.7,False
2018,3,Chinese Grand Prix,Shanghai,Q,2018-04-15,5,VET,vettel,Ferrari,ferrari,Sebastian,Vettel,,1.0,,,0 days 00:01:32.171000,0 days 00:01:32.385000,0 days 00:01:31.095000,,,,,12.8,15.5,76.1,1.8,False
2018,3,Chinese Grand Prix,Shanghai,Q,2018-04-15,7,RAI,raikkonen,Ferrari,ferrari,Kimi,Räikkönen,,2.0,,,0 days 00:01:32.474000,0 days 00:01:32.286000,0 days 00:01:31.182000,,,,,12.8,15.5,76.1,1.8,False
2018,3,Chinese Grand Prix,Shanghai,Q,2018-04-15,77,BOT,bottas,Mercedes,mercedes,Valtteri,Bottas,,3.0,,,0 days 00:01:32.921000,0 days 00:01:32.063000,0 days 00:01:31.625000,,,,,12.8,15.5,76.1,1.8,False
2018,3,Chinese Grand Prix,Shanghai,Q,2018-04-15,44,HAM,hamilton,Mercedes,mercedes,Lewis,Hamilton,,4.0,,,0 days 00:01:33.283000,0 days 00:01:31.914000,0 days 00:01:31.675000,,,,,12.8,15.5,76.1,1.8,False
2018,3,Chinese Grand Prix,Shanghai,Q,2018-04-15,33,VER,max_verstappen,Red Bull Racing,red_bull,Max,Verstappen,,5.0,,,0 days 00:01:32.932000,0 days 00:01:32.809000,0 days 00:01:31.796000,,,,,12.8,15.5,76.1,1.8,False
2018,3,Chinese Grand Prix,Shanghai,Q,2018-04-15,3,RIC,ricciardo,Red Bull Racing,red_bull,Daniel,Ricciardo,,6.0,,,0 days 00:01:33.877000,0 days 00:01:32.688000,0 days 00:01:31.948000,,,,,12.8,15.5,76.1,1.8,False
2018,3,Chinese Grand Prix,Shanghai,Q,2018-04-15,27,HUL,hulkenberg,Renault,renault,Nico,Hulkenberg,,7.0,,,0 days 00:01:33.545000,0 days 00:01:32.494000,0 days 00:01:32.532000,,,,,12.8,15.5,76.1,1.8,False
2018,3,Chinese Grand Prix,Shanghai,Q,2018-04-15,11,PER,perez,Force India,force_india,Sergio,Perez,,8.0,,,0 days 00:01:33.464000,0 days 00:01:32.931000,0 days 00:01:32.758000,,,,,12.8,15.5,76.1,1.8,False
2018,3,Chinese Grand Prix,Shanghai,Q,2018-04-15,55,SAI,sainz,Renault,renault,Carlos,Sainz,,9.0,,,0 days 00:01:33.315000,0 days 00:01:32.970000,0 days 00:01:32.819000,,,,,12.8,15.5,76.1,1.8,False
2018,3,Chinese Grand Prix,Shanghai,Q,2018-04-15,8,GRO,grosjean,Haas F1 Team,haas,Romain,Grosjean,,10.0,,,0 days 00:01:33.238000,0 days 00:01:32.524000,0 days 00:01:32.855000,,,,,12.8,15.5,76.1,1.8,False
2018,3,Chinese Grand Prix,Shanghai,Q,2018-04-15,20,MAG,kevin_magnussen,Haas F1 Team,haas,Kevin,Magnussen,,11.0,,,0 days 00:01:33.359000,0 days 00:01:32.986000,,,,,,12.8,15.5,76.1,1.8,False
2018,3,Chinese Grand Prix,Shanghai,Q,2018-04-15,31,OCO,ocon,Force India,force_india,Esteban,Ocon,,12.0,,,0 days 00:01:33.585000,0 days 00:01:33.057000,,,,,,12.8,15.5,76.1,1.8,False
2018,3,Chinese Grand Prix,Shanghai,Q,2018-04-15,14,ALO,alonso,McLaren,mclaren,Fernando,Alonso,,13.0,,,0 days 00:01:33.428000,0 days 00:01:33.232000,,,,,,12.8,15.5,76.1,1.8,False
2018,3,Chinese Grand Prix,Shanghai,Q,2018-04-15,2,VAN,vandoorne,McLaren,mclaren,Stoffel,Vandoorne,,14.0,,,0 days 00:01:33.824000,0 days 00:01:33.505000,,,,,,12.8,15.5,76.1,1.8,False
2018,3,Chinese Grand Prix,Shanghai,Q,2018-04-15,28,HAR,brendon_hartley,Toro Rosso,toro_rosso,Brendon,Hartley,,15.0,,,0 days 00:01:34.013000,0 days 00:01:33.795000,,,,,,12.8,15.5,76.1,1.8,False
2018,3,Chinese Grand Prix,Shanghai,Q,2018-04-15,35,SIR,sirotkin,Williams,williams,Sergey,Sirotkin,,16.0,,,0 days 00:01:34.062000,,,,,,,12.8,15.5,76.1,1.8,False
2018,3,Chinese Grand Prix,Shanghai,Q,2018-04-15,10,GAS,gasly,Toro Rosso,toro_rosso,Pierre,Gasly,,17.0,,,0 days 00:01:34.101000,,,,,,,12.8,15.5,76.1,1.8,False
2018,3,Chinese Grand Prix,Shanghai,Q,2018-04-15,18,STR,stroll,Williams,williams,Lance,Stroll,,18.0,,,0 days 00:01:34.285000,,,,,,,12.8,15.5,76.1,1.8,False
2018,3,Chinese Grand Prix,Shanghai,Q,2018-04-15,16,LEC,leclerc,Sauber,sauber,Charles,Leclerc,,19.0,,,0 days 00:01:34.454000,,,,,,,12.8,15.5,76.1,1.8,False
2018,3,Chinese Grand Prix,Shanghai,Q,2018-04-15,9,ERI,ericsson,Sauber,sauber,Marcus,Ericsson,,20.0,,,0 days 00:01:34.914000,,,,,,,12.8,15.5,76.1,1.8,False
2018,4,Azerbaijan Grand Prix,Baku,Q,2018-04-29,5,VET,vettel,Ferrari,ferrari,Sebastian,Vettel,,1.0,,,0 days 00:01:42.762000,0 days 00:01:43.015000,0 days 00:01:41.498000,,,,,22.7,26.6,46.2,1.6,True
2018,4,Azerbaijan Grand Prix,Baku,Q,2018-04-29,44,HAM,hamilton,Mercedes,mercedes,Lewis,Hamilton,,2.0,,,0 days 00:01:42.693000,0 days 00:01:42.676000,0 days 00:01:41.677000,,,,,22.7,26.6,46.2,1.6,True
2018,4,Azerbaijan Grand Prix,Baku,Q,2018-04-29,77,BOT,bottas,Mercedes,mercedes,Valtteri,Bottas,,3.0,,,0 days 00:01:43.355000,0 days 00:01:42.679000,0 days 00:01:41.837000,,,,,22.7,26.6,46.2,1.6,True
2018,4,Azerbaijan Grand Prix,Baku,Q,2018-04-29,3,RIC,ricciardo,Red Bull Racing,red_bull,Daniel,Ricciardo,,4.0,,,0 days 00:01:42.857000,0 days 00:01:43.482000,0 days 00:01:41.911000,,,,,22.7,26.6,46.2,1.6,True
2018,4,Azerbaijan Grand Prix,Baku,Q,2018-04-29,33,VER,max_verstappen,Red Bull Racing,red_bull,Max,Verstappen,,5.0,,,0 days 00:01:42.642000,0 days 00:01:42.901000,0 days 00:01:41.994000,,,,,22.7,26.6,46.2,1.6,True
2018,4,Azerbaijan Grand Prix,Baku,Q,2018-04-29,7,RAI,raikkonen,Ferrari,ferrari,Kimi,Räikkönen,,6.0,,,0 days 00:01:42.538000,0 days 00:01:42.510000,0 days 00:01:42.490000,,,,,22.7,26.6,46.2,1.6,True
2018,4,Azerbaijan Grand Prix,Baku,Q,2018-04-29,31,OCO,ocon,Force India,force_india,Esteban,Ocon,,7.0,,,0 days 00:01:43.021000,0 days 00:01:42.967000,0 days 00:01:42.523000,,,,,22.7,26.6,46.2,1.6,True
2018,4,Azerbaijan Grand Prix,Baku,Q,2018-04-29,11,PER,perez,Force India,force_india,Sergio,Perez,,8.0,,,0 days 00:01:43.992000,0 days 00:01:43.366000,0 days 00:01:42.547000,,,,,22.7,26.6,46.2,1.6,True
2018,4,Azerbaijan Grand Prix,Baku,Q,2018-04-29,27,HUL,hulkenberg,Renault,renault,Nico,Hulkenberg,,9.0,,,0 days 00:01:43.746000,0 days 00:01:43.232000,0 days 00:01:43.066000,,,,,22.7,26.6,46.2,1.6,True
2018,4,Azerbaijan Grand Prix,Baku,Q,2018-04-29,55,SAI,sainz,Renault,renault,Carlos,Sainz,,10.0,,,0 days 00:01:43.426000,0 days 00:01:43.464000,0 days 00:01:43.351000,,,,,22.7,26.6,46.2,1.6,True
2018,4,Azerbaijan Grand Prix,Baku,Q,2018-04-29,18,STR,stroll,Williams,williams,Lance,Stroll,,11.0,,,0 days 00:01:44.359000,0 days 00:01:43.585000,,,,,,22.7,26.6,46.2,1.6,True
2018,4,Azerbaijan Grand Prix,Baku,Q,2018-04-29,35,SIR,sirotkin,Williams,williams,Sergey,Sirotkin,,12.0,,,0 days 00:01:44.261000,0 days 00:01:43.886000,,,,,,22.7,26.6,46.2,1.6,True
2018,4,Azerbaijan Grand Prix,Baku,Q,2018-04-29,14,ALO,alonso,McLaren,mclaren,Fernando,Alonso,,13.0,,,0 days 00:01:44.010000,0 days 00:01:44.019000,,,,,,22.7,26.6,46.2,1.6,True
2018,4,Azerbaijan Grand Prix,Baku,Q,2018-04-29,16,LEC,leclerc,Sauber,sauber,Charles,Leclerc,,14.0,,,0 days 00:01:43.752000,0 days 00:01:44.074000,,,,,,22.7,26.6,46.2,1.6,True
2018,4,Azerbaijan Grand Prix,Baku,Q,2018-04-29,20,MAG,kevin_magnussen,Haas F1 Team,haas,Kevin,Magnussen,,15.0,,,0 days 00:01:43.674000,0 days 00:01:44.759000,,,,,,22.7,26.6,46.2,1.6,True
2018,4,Azerbaijan Grand Prix,Baku,Q,2018-04-29,2,VAN,vandoorne,McLaren,mclaren,Stoffel,Vandoorne,,16.0,,,0 days 00:01:44.489000,,,,,,,22.7,26.6,46.2,1.6,True
2018,4,Azerbaijan Grand Prix,Baku,Q,2018-04-29,10,GAS,gasly,Toro Rosso,toro_rosso,Pierre,Gasly,,17.0,,,0 days 00:01:44.496000,,,,,,,22.7,26.6,46.2,1.6,True
2018,4,Azerbaijan Grand Prix,Baku,Q,2018-04-29,9,ERI,ericsson,Sauber,sauber,Marcus,Ericsson,,18.0,,,0 days 00:01:45.541000,,,,,,,22.7,26.6,46.2,1.6,True
2018,4,Azerbaijan Grand Prix,Baku,Q,2018-04-29,28,HAR,brendon_hartley,Toro Rosso,toro_rosso,Brendon,Hartley,,19.0,,,0 days 00:01:57.354000,,,,,,,22.7,26.6,46.2,1.6,True
2018,4,Azerbaijan Grand Prix,Baku,Q,2018-04-29,8,GRO,grosjean,Haas F1 Team,haas,Romain,Grosjean,,20.0,,,,,,,,,,22.7,26.6,46.2,1.6,True
2018,5,Spanish Grand Prix,Barcelona,Q,2018-05-13,44,HAM,hamilton,Mercedes,mercedes,Lewis,Hamilton,,1.0,,,0 days 00:01:17.633000,0 days 00:01:17.166000,0 days 00:01:16.173000,,,,,18.7,27.1,77.3,1.8,True
2018,5,Spanish Grand Prix,Barcelona,Q,2018-05-13,77,BOT,bottas,Mercedes,mercedes,Valtteri,Bottas,,2.0,,,0 days 00:01:17.674000,0 days 00:01:17.111000,0 days 00:01:16.213000,,,,,18.7,27.1,77.3,1.8,True
2018,5,Spanish Grand Prix,Barcelona,Q,2018-05-13,5,VET,vettel,Ferrari,ferrari,Sebastian,Vettel,,3.0,,,0 days 00:01:17.031000,0 days 00:01:16.802000,0 days 00:01:16.305000,,,,,18.7,27.1,77.3,1.8,True
2018,5,Spanish Grand Prix,Barcelona,Q,2018-05-13,7,RAI,raikkonen,Ferrari,ferrari,Kimi,Räikkönen,,4.0,,,0 days 00:01:17.483000,0 days 00:01:17.071000,0 days 00:01:16.612000,,,,,18.7,27.1,77.3,1.8,True
2018,5,Spanish Grand Prix,Barcelona,Q,2018-05-13,33,VER,max_verstappen,Red Bull Racing,red_bull,Max,Verstappen,,5.0,,,0 days 00:01:17.411000,0 days 00:01:17.266000,0 days 00:01:16.816000,,,,,18.7,27.1,77.3,1.8,True
2018,5,Spanish Grand Prix,Barcelona,Q,2018-05-13,3,RIC,ricciardo,Red Bull Racing,red_bull,Daniel,Ricciardo,,6.0,,,0 days 00:01:17.623000,0 days 00:01:17.638000,0 days 00:01:16.818000,,,,,18.7,27.1,77.3,1.8,True
2018,5,Spanish Grand Prix,Barcelona,Q,2018-05-13,20,MAG,kevin_magnussen,Haas F1 Team,haas,Kevin,Magnussen,,7.0,,,0 days 00:01:18.169000,0 days 00:01:17.618000,0 days 00:01:17.676000,,,,,18.7,27.1,77.3,1.8,True
2018,5,Spanish Grand Prix,Barcelona,Q,2018-05-13,14,ALO,alonso,McLaren,mclaren,Fernando,Alonso,,8.0,,,0 days 00:01:18.276000,0 days 00:01:18.100000,0 days 00:01:17.721000,,,,,18.7,27.1,77.3,1.8,True
2018,5,Spanish Grand Prix,Barcelona,Q,2018-05-13,55,SAI,sainz,Renault,renault,Carlos,Sainz,,9.0,,,0 days 00:01:18.480000,0 days 00:01:17.803000,0 days 00:01:17.790000,,,,,18.7,27.1,77.3,1.8,True
2018,5,Spanish Grand Prix,Barcelona,Q,2018-05-13,8,GRO,grosjean,Haas F1 Team,haas,Romain,Grosjean,,10.0,,,0 days 00:01:18.305000,0 days 00:01:17.699000,0 days 00:01:17.835000,,,,,18.7,27.1,77.3,1.8,True
2018,5,Spanish Grand Prix,Barcelona,Q,2018-05-13,2,VAN,vandoorne,McLaren,mclaren,Stoffel,Vandoorne,,11.0,,,0 days 00:01:18.885000,0 days 00:01:18.323000,,,,,,18.7,27.1,77.3,1.8,True
2018,5,Spanish Grand Prix,Barcelona,Q,2018-05-13,10,GAS,gasly,Toro Rosso,toro_rosso,Pierre,Gasly,,12.0,,,0 days 00:01:18.550000,0 days 00:01:18.463000,,,,,,18.7,27.1,77.3,1.8,True
2018,5,Spanish Grand Prix,Barcelona,Q,2018-05-13,31,OCO,ocon,Force India,force_india,Esteban,Ocon,,13.0,,,0 days 00:01:18.813000,0 days 00:01:18.696000,,,,,,18.7,27.1,77.3,1.8,True
2018,5,Spanish Grand Prix,Barcelona,Q,2018-05-13,16,LEC,leclerc,Sauber,sauber,Charles,Leclerc,,14.0,,,0 days 00:01:18.661000,0 days 00:01:18.910000,,,,,,18.7,27.1,77.3,1.8,True
2018,5,Spanish Grand Prix,Barcelona,Q,2018-05-13,11,PER,perez,Force India,force_india,Sergio,Perez,,15.0,,,0 days 00:01:18.740000,0 days 00:01:19.098000,,,,,,18.7,27.1,77.3,1.8,True
2018,5,Spanish Grand Prix,Barcelona,Q,2018-05-13,27,HUL,hulkenberg,Renault,renault,Nico,Hulkenberg,,16.0,,,0 days 00:01:18.923000,,,,,,,18.7,27.1,77.3,1.8,True
2018,5,Spanish Grand Prix,Barcelona,Q,2018-05-13,9,ERI,ericsson,Sauber,sauber,Marcus,Ericsson,,17.0,,,0 days 00:01:19.493000,,,,,,,18.7,27.1,77.3,1.8,True
2018,5,Spanish Grand Prix,Barcelona,Q,2018-05-13,35,SIR,sirotkin,Williams,williams,Sergey,Sirotkin,,18.0,,,0 days 00:01:19.695000,,,,,,,18.7,27.1,77.3,1.8,True
2018,5,Spanish Grand Prix,Barcelona,Q,2018-05-13,18,STR,stroll,Williams,williams,Lance,Stroll,,19.0,,,0 days 00:01:20.225000,,,,,,,18.7,27.1,77.3,1.8,True
2018,5,Spanish Grand Prix,Barcelona,Q,2018-05-13,28,HAR,brendon_hartley,Toro Rosso,toro_rosso,Brendon,Hartley,,20.0,,,,,,,,,,18.7,27.1,77.3,1.8,True
2018,6,Monaco Grand Prix,Monte Carlo,Q,2018-05-27,3,RIC,ricciardo,Red Bull Racing,red_bull,Daniel,Ricciardo,,1.0,,,0 days 00:01:12.013000,0 days 00:01:11.278000,0 days 00:01:10.810000,,,,,26.6,47.5,49.5,1.1,False
2018,6,Monaco Grand Prix,Monte Carlo,Q,2018-05-27,5,VET,vettel,Ferrari,ferrari,Sebastian,Vettel,,2.0,,,0 days 00:01:12.415000,0 days 00:01:11.518000,0 days 00:01:11.039000,,,,,26.6,47.5,49.5,1.1,False
2018,6,Monaco Grand Prix,Monte Carlo,Q,2018-05-27,44,HAM,hamilton,Mercedes,mercedes,Lewis,Hamilton,,3.0,,,0 days 00:01:12.460000,0 days 00:01:11.584000,0 days 00:01:11.232000,,,,,26.6,47.5,49.5,1.1,False
2018,6,Monaco Grand Prix,Monte Carlo,Q,2018-05-27,7,RAI,raikkonen,Ferrari,ferrari,Kimi,Räikkönen,,4.0,,,0 days 00:01:12.639000,0 days 00:01:11.391000,0 days 00:01:11.266000,,,,,26.6,47.5,49.5,1.1,False
2018,6,Monaco Grand Prix,Monte Carlo,Q,2018-05-27,77,BOT,bottas,Mercedes,mercedes,Valtteri,Bottas,,5.0,,,0 days 00:01:12.434000,0 days 00:01:12.002000,0 days 00:01:11.441000,,,,,26.6,47.5,49.5,1.1,False
2018,6,Monaco Grand Prix,Monte Carlo,Q,2018-05-27,31,OCO,ocon,Force India,force_india,Esteban,Ocon,,6.0,,,0 days 00:01:13.028000,0 days 00:01:12.188000,0 days 00:01:12.061000,,,,,26.6,47.5,49.5,1.1,False
2018,6,Monaco Grand Prix,Monte Carlo,Q,2018-05-27,14,ALO,alonso,McLaren,mclaren,Fernando,Alonso,,7.0,,,0 days 00:01:12.657000,0 days 00:01:12.269000,0 days 00:01:12.110000,,,,,26.6,47.5,49.5,1.1,False
2018,6,Monaco Grand Prix,Monte Carlo,Q,2018-05-27,55,SAI,sainz,Renault,renault,Carlos,Sainz,,8.0,,,0 days 00:01:12.950000,0 days 00:01:12.286000,0 days 00:01:12.130000,,,,,26.6,47.5,49.5,1.1,False
2018,6,Monaco Grand Prix,Monte Carlo,Q,2018-05-27,11,PER,perez,Force India,force_india,Sergio,Perez,,9.0,,,0 days 00:01:12.848000,0 days 00:01:12.194000,0 days 00:01:12.154000,,,,,26.6,47.5,49.5,1.1,False
2018,6,Monaco Grand Prix,Monte Carlo,Q,2018-05-27,10,GAS,gasly,Toro Rosso,toro_rosso,Pierre,Gasly,,10.0,,,0 days 00:01:12.941000,0 days 00:01:12.313000,0 days 00:01:12.221000,,,,,26.6,47.5,49.5,1.1,False
2018,6,Monaco Grand Prix,Monte Carlo,Q,2018-05-27,27,HUL,hulkenberg,Renault,renault,Nico,Hulkenberg,,11.0,,,0 days 00:01:13.065000,0 days 00:01:12.411000,,,,,,26.6,47.5,49.5,1.1,False
2018,6,Monaco Grand Prix,Monte Carlo,Q,2018-05-27,2,VAN,vandoorne,McLaren,mclaren,Stoffel,Vandoorne,,12.0,,,0 days 00:01:12.463000,0 days 00:01:12.440000,,,,,,26.6,47.5,49.5,1.1,False
2018,6,Monaco Grand Prix,Monte Carlo,Q,2018-05-27,35,SIR,sirotkin,Williams,williams,Sergey,Sirotkin,,13.0,,,0 days 00:01:12.706000,0 days 00:01:12.521000,,,,,,26.6,47.5,49.5,1.1,False
2018,6,Monaco Grand Prix,Monte Carlo,Q,2018-05-27,16,LEC,leclerc,Sauber,sauber,Charles,Leclerc,,14.0,,,0 days 00:01:12.829000,0 days 00:01:12.714000,,,,,,26.6,47.5,49.5,1.1,False
2018,6,Monaco Grand Prix,Monte Carlo,Q,2018-05-27,8,GRO,grosjean,Haas F1 Team,haas,Romain,Grosjean,,15.0,,,0 days 00:01:12.930000,0 days 00:01:12.728000,,,,,,26.6,47.5,49.5,1.1,False
2018,6,Monaco Grand Prix,Monte Carlo,Q,2018-05-27,28,HAR,brendon_hartley,Toro Rosso,toro_rosso,Brendon,Hartley,,16.0,,,0 days 00:01:13.179000,,,,,,,26.6,47.5,49.5,1.1,False
2018,6,Monaco Grand Prix,Monte Carlo,Q,2018-05-27,9,ERI,ericsson,Sauber,sauber,Marcus,Ericsson,,17.0,,,0 days 00:01:13.265000,,,,,,,26.6,47.5,49.5,1.1,False
2018,6,Monaco Grand Prix,Monte Carlo,Q,2018-05-27,18,STR,stroll,Williams,williams,Lance,Stroll,,18.0,,,0 days 00:01:13.323000,,,,,,,26.6,47.5,49.5,1.1,False
2018,6,Monaco Grand Prix,Monte Carlo,Q,2018-05-27,20,MAG,kevin_magnussen,Haas F1 Team,haas,Kevin,Magnussen,,19.0,,,0 days 00:01:13.393000,,,,,,,26.6,47.5,49.5,1.1,False
2018,6,Monaco Grand Prix,Monte Carlo,Q,2018-05-27,33,VER,max_verstappen,Red Bull Racing,red_bull,Max,Verstappen,,20.0,,,,,,,,,,26.6,47.5,49.5,1.1,False
2018,7,Canadian Grand Prix,Montréal,Q,2018-06-10,5,VET,vettel,Ferrari,ferrari,Sebastian,Vettel,,1.0,,,0 days 00:01:11.710000,0 days 00:01:11.524000,0 days 00:01:10.764000,,,,,23.2,43.4,20.3,2.0,False
2018,7,Canadian Grand Prix,Montréal,Q,2018-06-10,77,BOT,bottas,Mercedes,mercedes,Valtteri,Bottas,,2.0,,,0 days 00:01:11.950000,0 days 00:01:11.514000,0 days 00:01:10.857000,,,,,23.2,43.4,20.3,2.0,False
2018,7,Canadian Grand Prix,Montréal,Q,2018-06-10,33,VER,max_verstappen,Red Bull Racing,red_bull,Max,Verstappen,,3.0,,,0 days 00:01:12.008000,0 days 00:01:11.472000,0 days 00:01:10.937000,,,,,23.2,43.4,20.3,2.0,False
2018,7,Canadian Grand Prix,Montréal,Q,2018-06-10,44,HAM,hamilton,Mercedes,mercedes,Lewis,Hamilton,,4.0,,,0 days 00:01:11.835000,0 days 00:01:11.740000,0 days 00:01:10.996000,,,,,23.2,43.4,20.3,2.0,False
2018,7,Canadian Grand Prix,Montréal,Q,2018-06-10,7,RAI,raikkonen,Ferrari,ferrari,Kimi,Räikkönen,,5.0,,,0 days 00:01:11.725000,0 days 00:01:11.620000,0 days 00:01:11.095000,,,,,23.2,43.4,20.3,2.0,False
2018,7,Canadian Grand Prix,Montréal,Q,2018-06-10,3,RIC,ricciardo,Red Bull Racing,red_bull,Daniel,Ricciardo,,6.0,,,0 days 00:01:12.459000,0 days 00:01:11.434000,0 days 00:01:11.116000,,,,,23.2,43.4,20.3,2.0,False
2018,7,Canadian Grand Prix,Montréal,Q,2018-06-10,27,HUL,hulkenberg,Renault,renault,Nico,Hulkenberg,,7.0,,,0 days 00:01:12.795000,0 days 00:01:11.916000,0 days 00:01:11.973000,,,,,23.2,43.4,20.3,2.0,False
2018,7,Canadian Grand Prix,Montréal,Q,2018-06-10,31,OCO,ocon,Force India,force_india,Esteban,Ocon,,8.0,,,0 days 00:01:12.577000,0 days 00:01:12.141000,0 days 00:01:12.084000,,,,,23.2,43.4,20.3,2.0,False
2018,7,Canadian Grand Prix,Montréal,Q,2018-06-10,55,SAI,sainz,Renault,renault,Carlos,Sainz,,9.0,,,0 days 00:01:12.689000,0 days 00:01:12.097000,0 days 00:01:12.168000,,,,,23.2,43.4,20.3,2.0,False
2018,7,Canadian Grand Prix,Montréal,Q,2018-06-10,11,PER,perez,Force India,force_india,Sergio,Perez,,10.0,,,0 days 00:01:12.702000,0 days 00:01:12.395000,0 days 00:01:12.671000,,,,,23.2,43.4,20.3,2.0,False
2018,7,Canadian Grand Prix,Montréal,Q,2018-06-10,20,MAG,kevin_magnussen,Haas F1 Team,haas,Kevin,Magnussen,,11.0,,,0 days 00:01:12.680000,0 days 00:01:12.606000,,,,,,23.2,43.4,20.3,2.0,False
2018,7,Canadian Grand Prix,Montréal,Q,2018-06-10,28,HAR,brendon_hartley,Toro Rosso,toro_rosso,Brendon,Hartley,,12.0,,,0 days 00:01:12.587000,0 days 00:01:12.635000,,,,,,23.2,43.4,20.3,2.0,False
2018,7,Canadian Grand Prix,Montréal,Q,2018-06-10,16,LEC,leclerc,Sauber,sauber,Charles,Leclerc,,13.0,,,0 days 00:01:12.945000,0 days 00:01:12.661000,,,,,,23.2,43.4,20.3,2.0,False
2018,7,Canadian Grand Prix,Montréal,Q,2018-06-10,14,ALO,alonso,McLaren,mclaren,Fernando,Alonso,,14.0,,,0 days 00:01:12.979000,0 days 00:01:12.856000,,,,,,23.2,43.4,20.3,2.0,False
2018,7,Canadian Grand Prix,Montréal,Q,2018-06-10,2,VAN,vandoorne,McLaren,mclaren,Stoffel,Vandoorne,,15.0,,,0 days 00:01:12.998000,0 days 00:01:12.865000,,,,,,23.2,43.4,20.3,2.0,False
2018,7,Canadian Grand Prix,Montréal,Q,2018-06-10,10,GAS,gasly,Toro Rosso,toro_rosso,Pierre,Gasly,,16.0,,,0 days 00:01:13.047000,,,,,,,23.2,43.4,20.3,2.0,False
2018,7,Canadian Grand Prix,Montréal,Q,2018-06-10,18,STR,stroll,Williams,williams,Lance,Stroll,,17.0,,,0 days 00:01:13.590000,,,,,,,23.2,43.4,20.3,2.0,False
2018,7,Canadian Grand Prix,Montréal,Q,2018-06-10,35,SIR,sirotkin,Williams,williams,Sergey,Sirotkin,,18.0,,,0 days 00:01:13.643000,,,,,,,23.2,43.4,20.3,2.0,False
2018,7,Canadian Grand Prix,Montréal,Q,2018-06-10,9,ERI,ericsson,Sauber,sauber,Marcus,Ericsson,,19.0,,,0 days 00:01:14.593000,,,,,,,23.2,43.4,20.3,2.0,False
2018,7,Canadian Grand Prix,Montréal,Q,2018-06-10,8,GRO,grosjean,Haas F1 Team,haas,Romain,Grosjean,,20.0,,,,,,,,,,23.2,43.4,20.3,2.0,False
2018,8,French Grand Prix,Le Castellet,Q,2018-06-24,44,HAM,hamilton,Mercedes,mercedes,Lewis,Hamilton,,1.0,,,0 days 00:01:31.271000,0 days 00:01:30.645000,0 days 00:01:30.029000,,,,,23.1,31.1,62.9,0.9,True
2018,8,French Grand Prix,Le Castellet,Q,2018-06-24,77,BOT,bottas,Mercedes,mercedes,Valtteri,Bottas,,2.0,,,0 days 00:01:31.776000,0 days 00:01:31.227000,0 days 00:01:30.147000,,,,,23.1,31.1,62.9,0.9,True
2018,8,French Grand Prix,Le Castellet,Q,2018-06-24,5,VET,vettel,Ferrari,ferrari,Sebastian,Vettel,,3.0,,,0 days 00:01:31.820000,0 days 00:01:30.751000,0 days 00:01:30.400000,,,,,23.1,31.1,62.9,0.9,True
2018,8,French Grand Prix,Le Castellet,Q,2018-06-24,33,VER,max_verstappen,Red Bull Racing,red_bull,Max,Verstappen,,4.0,,,0 days 00:01:31.531000,0 days 00:01:30.818000,0 days 00:01:30.705000,,,,,23.1,31.1,62.9,0.9,True
2018,8,French Grand Prix,Le Castellet,Q,2018-06-24,3,RIC,ricciardo,Red Bull Racing,red_bull,Daniel,Ricciardo,,5.0,,,0 days 00:01:31.910000,0 days 00:01:31.538000,0 days 00:01:30.895000,,,,,23.1,31.1,62.9,0.9,True
2018,8,French Grand Prix,Le Castellet,Q,2018-06-24,7,RAI,raikkonen,Ferrari,ferrari,Kimi,Räikkönen,,6.0,,,0 days 00:01:31.567000,0 days 00:01:30.772000,0 days 00:01:31.057000,,,,,23.1,31.1,62.9,0.9,True
2018,8,French Grand Prix,Le Castellet,Q,2018-06-24,55,SAI,sainz,Renault,renault,Carlos,Sainz,,7.0,,,0 days 00:01:32.394000,0 days 00:01:32.016000,0 days 00:01:32.126000,,,,,23.1,31.1,62.9,0.9,True
2018,8,French Grand Prix,Le Castellet,Q,2018-06-24,16,LEC,leclerc,Sauber,sauber,Charles,Leclerc,,8.0,,,0 days 00:01:32.538000,0 days 00:01:32.055000,0 days 00:01:32.635000,,,,,23.1,31.1,62.9,0.9,True
2018,8,French Grand Prix,Le Castellet,Q,2018-06-24,20,MAG,kevin_magnussen,Haas F1 Team,haas,Kevin,Magnussen,,9.0,,,0 days 00:01:32.169000,0 days 00:01:31.510000,0 days 00:01:32.930000,,,,,23.1,31.1,62.9,0.9,True
2018,8,French Grand Prix,Le Castellet,Q,2018-06-24,8,GRO,grosjean,Haas F1 Team,haas,Romain,Grosjean,,10.0,,,0 days 00:01:32.083000,0 days 00:01:31.472000,,,,,,23.1,31.1,62.9,0.9,True
2018,8,French Grand Prix,Le Castellet,Q,2018-06-24,31,OCO,ocon,Force India,force_india,Esteban,Ocon,,11.0,,,0 days 00:01:32.786000,0 days 00:01:32.075000,,,,,,23.1,31.1,62.9,0.9,True
2018,8,French Grand Prix,Le Castellet,Q,2018-06-24,27,HUL,hulkenberg,Renault,renault,Nico,Hulkenberg,,12.0,,,0 days 00:01:32.949000,0 days 00:01:32.115000,,,,,,23.1,31.1,62.9,0.9,True
2018,8,French Grand Prix,Le Castellet,Q,2018-06-24,11,PER,perez,Force India,force_india,Sergio,Perez,,13.0,,,0 days 00:01:32.692000,0 days 00:01:32.454000,,,,,,23.1,31.1,62.9,0.9,True
2018,8,French Grand Prix,Le Castellet,Q,2018-06-24,10,GAS,gasly,Toro Rosso,toro_rosso,Pierre,Gasly,,14.0,,,0 days 00:01:32.447000,0 days 00:01:32.460000,,,,,,23.1,31.1,62.9,0.9,True
2018,8,French Grand Prix,Le Castellet,Q,2018-06-24,9,ERI,ericsson,Sauber,sauber,Marcus,Ericsson,,15.0,,,0 days 00:01:32.804000,0 days 00:01:32.820000,,,,,,23.1,31.1,62.9,0.9,True
2018,8,French Grand Prix,Le Castellet,Q,2018-06-24,14,ALO,alonso,McLaren,mclaren,Fernando,Alonso,,16.0,,,0 days 00:01:32.976000,,,,,,,23.1,31.1,62.9,0.9,True
2018,8,French Grand Prix,Le Castellet,Q,2018-06-24,28,HAR,brendon_hartley,Toro Rosso,toro_rosso,Brendon,Hartley,,17.0,,,0 days 00:01:33.025000,,,,,,,23.1,31.1,62.9,0.9,True
2018,8,French Grand Prix,Le Castellet,Q,2018-06-24,2,VAN,vandoorne,McLaren,mclaren,Stoffel,Vandoorne,,18.0,,,0 days 00:01:33.162000,,,,,,,23.1,31.1,62.9,0.9,True
2018,8,French Grand Prix,Le Castellet,Q,2018-06-24,35,SIR,sirotkin,Williams,williams,Sergey,Sirotkin,,19.0,,,0 days 00:01:33.636000,,,,,,,23.1,31.1,62.9,0.9,True
2018,8,French Grand Prix,Le Castellet,Q,2018-06-24,18,STR,stroll,Williams,williams,Lance,Stroll,,20.0,,,0 days 00:01:33.729000,,,,,,,23.1,31.1,62.9,0.9,True
2018,9,Austrian Grand Prix,Spielberg,Q,2018-07-01,77,BOT,bottas,Mercedes,mercedes,Valtteri,Bottas,,1.0,,,0 days 00:01:04.175000,0 days 00:01:03.756000,0 days 00:01:03.130000,,,,,24.9,33.5,41.4,1.2,True
2018,9,Austrian Grand Prix,Spielberg,Q,2018-07-01,44,HAM,hamilton,Mercedes,mercedes,Lewis,Hamilton,,2.0,,,0 days 00:01:04.080000,0 days 00:01:03.577000,0 days 00:01:03.149000,,,,,24.9,33.5,41.4,1.2,True
2018,9,Austrian Grand Prix,Spielberg,Q,2018-07-01,5,VET,vettel,Ferrari,ferrari,Sebastian,Vettel,,3.0,,,0 days 00:01:04.347000,0 days 00:01:03.544000,0 days 00:01:03.464000,,,,,24.9,33.5,41.4,1.2,True
2018,9,Austrian Grand Prix,Spielberg,Q,2018-07-01,7,RAI,raikkonen,Ferrari,ferrari,Kimi,Räikkönen,,4.0,,,0 days 00:01:04.234000,0 days 00:01:03.975000,0 days 00:01:03.660000,,,,,24.9,33.5,41.4,1.2,True
2018,9,Austrian Grand Prix,Spielberg,Q,2018-07-01,33,VER,max_verstappen,Red Bull Racing,red_bull,Max,Verstappen,,5.0,,,0 days 00:01:04.273000,0 days 00:01:04.001000,0 days 00:01:03.840000,,,,,24.9,33.5,41.4,1.2,True
2018,9,Austrian Grand Prix,Spielberg,Q,2018-07-01,8,GRO,grosjean,Haas F1 Team,haas,Romain,Grosjean,,6.0,,,0 days 00:01:04.242000,0 days 00:01:04.059000,0 days 00:01:03.892000,,,,,24.9,33.5,41.4,1.2,True
2018,9,Austrian Grand Prix,Spielberg,Q,2018-07-01,3,RIC,ricciardo,Red Bull Racing,red_bull,Daniel,Ricciardo,,7.0,,,0 days 00:01:04.723000,0 days 00:01:04.403000,0 days 00:01:03.996000,,,,,24.9,33.5,41.4,1.2,True
2018,9,Austrian Grand Prix,Spielberg,Q,2018-07-01,20,MAG,kevin_magnussen,Haas F1 Team,haas,Kevin,Magnussen,,8.0,,,0 days 00:01:04.460000,0 days 00:01:04.291000,0 days 00:01:04.051000,,,,,24.9,33.5,41.4,1.2,True
2018,9,Austrian Grand Prix,Spielberg,Q,2018-07-01,55,SAI,sainz,Renault,renault,Carlos,Sainz,,9.0,,,0 days 00:01:04.948000,0 days 00:01:04.561000,0 days 00:01:04.725000,,,,,24.9,33.5,41.4,1.2,True
2018,9,Austrian Grand Prix,Spielberg,Q,2018-07-01,27,HUL,hulkenberg,Renault,renault,Nico,Hulkenberg,,10.0,,,0 days 00:01:04.864000,0 days 00:01:04.676000,0 days 00:01:05.019000,,,,,24.9,33.5,41.4,1.2,True
2018,9,Austrian Grand Prix,Spielberg,Q,2018-07-01,31,OCO,ocon,Force India,force_india,Esteban,Ocon,,11.0,,,0 days 00:01:05.148000,0 days 00:01:04.845000,,,,,,24.9,33.5,41.4,1.2,True
2018,9,Austrian Grand Prix,Spielberg,Q,2018-07-01,10,GAS,gasly,Toro Rosso,toro_rosso,Pierre,Gasly,,12.0,,,0 days 00:01:05.011000,0 days 00:01:04.874000,,,,,,24.9,33.5,41.4,1.2,True
2018,9,Austrian Grand Prix,Spielberg,Q,2018-07-01,16,LEC,leclerc,Sauber,sauber,Charles,Leclerc,,13.0,,,0 days 00:01:04.967000,0 days 00:01:04.979000,,,,,,24.9,33.5,41.4,1.2,True
2018,9,Austrian Grand Prix,Spielberg,Q,2018-07-01,14,ALO,alonso,McLaren,mclaren,Fernando,Alonso,,14.0,,,0 days 00:01:04.965000,0 days 00:01:05.058000,,,,,,24.9,33.5,41.4,1.2,True
2018,9,Austrian Grand Prix,Spielberg,Q,2018-07-01,18,STR,stroll,Williams,williams,Lance,Stroll,,15.0,,,0 days 00:01:05.264000,0 days 00:01:05.286000,,,,,,24.9,33.5,41.4,1.2,True
2018,9,Austrian Grand Prix,Spielberg,Q,2018-07-01,2,VAN,vandoorne,McLaren,mclaren,Stoffel,Vandoorne,,16.0,,,0 days 00:01:05.271000,,,,,,,24.9,33.5,41.4,1.2,True
2018,9,Austrian Grand Prix,Spielberg,Q,2018-07-01,11,PER,perez,Force India,force_india,Sergio,Perez,,17.0,,,0 days 00:01:05.279000,,,,,,,24.9,33.5,41.4,1.2,True
2018,9,Austrian Grand Prix,Spielberg,Q,2018-07-01,35,SIR,sirotkin,Williams,williams,Sergey,Sirotkin,,18.0,,,0 days 00:01:05.322000,,,,,,,24.9,33.5,41.4,1.2,True
2018,9,Austrian Grand Prix,Spielberg,Q,2018-07-01,28,HAR,brendon_hartley,Toro Rosso,toro_rosso,Brendon,Hartley,,19.0,,,0 days 00:01:05.366000,,,,,,,24.9,33.5,41.4,1.2,True
2018,9,Austrian Grand Prix,Spielberg,Q,2018-07-01,9,ERI,ericsson,Sauber,sauber,Marcus,Ericsson,,20.0,,,0 days 00:01:05.479000,,,,,,,24.9,33.5,41.4,1.2,True
2018,10,British Grand Prix,Silverstone,Q,2018-07-08,44,HAM,hamilton,Mercedes,mercedes,Lewis,Hamilton,,1.0,,,0 days 00:01:26.818000,0 days 00:01:26.256000,0 days 00:01:25.892000,,,,,26.5,52.4,37.4,1.6,False
2018,10,British Grand Prix,Silverstone,Q,2018-07-08,5,VET,vettel,Ferrari,ferrari,Sebastian,Vettel,,2.0,,,0 days 00:01:26.585000,0 days 00:01:26.372000,0 days 00:01:25.936000,,,,,26.5,52.4,37.4,1.6,False
2018,10,British Grand Prix,Silverstone,Q,2018-07-08,7,RAI,raikkonen,Ferrari,ferrari,Kimi,Räikkönen,,3.0,,,0 days 00:01:27.549000,0 days 00:01:26.483000,0 days 00:01:25.990000,,,,,26.5,52.4,37.4,1.6,False
2018,10,British Grand Prix,Silverstone,Q,2018-07-08,77,BOT,bottas,Mercedes,mercedes,Valtteri,Bottas,,4.0,,,0 days 00:01:27.025000,0 days 00:01:26.413000,0 days 00:01:26.217000,,,,,26.5,52.4,37.4,1.6,False
2018,10,British Grand Prix,Silverstone,Q,2018-07-08,33,VER,max_verstappen,Red Bull Racing,red_bull,Max,Verstappen,,5.0,,,0 days 00:01:27.309000,0 days 00:01:27.013000,0 days 00:01:26.602000,,,,,26.5,52.4,37.4,1.6,False
2018,10,British Grand Prix,Silverstone,Q,2018-07-08,3,RIC,ricciardo,Red Bull Racing,red_bull,Daniel,Ricciardo,,6.0,,,0 days 00:01:27.979000,0 days 00:01:27.369000,0 days 00:01:27.099000,,,,,26.5,52.4,37.4,1.6,False
2018,10,British Grand Prix,Silverstone,Q,2018-07-08,20,MAG,kevin_magnussen,Haas F1 Team,haas,Kevin,Magnussen,,7.0,,,0 days 00:01:28.143000,0 days 00:01:27.730000,0 days 00:01:27.244000,,,,,26.5,52.4,37.4,1.6,False
2018,10,British Grand Prix,Silverstone,Q,2018-07-08,8,GRO,grosjean,Haas F1 Team,haas,Romain,Grosjean,,8.0,,,0 days 00:01:28.086000,0 days 00:01:27.522000,0 days 00:01:27.455000,,,,,26.5,52.4,37.4,1.6,False
2018,10,British Grand Prix,Silverstone,Q,2018-07-08,16,LEC,leclerc,Sauber,sauber,Charles,Leclerc,,9.0,,,0 days 00:01:27.962000,0 days 00:01:27.790000,0 days 00:01:27.879000,,,,,26.5,52.4,37.4,1.6,False
2018,10,British Grand Prix,Silverstone,Q,2018-07-08,31,OCO,ocon,Force India,force_india,Esteban,Ocon,,10.0,,,0 days 00:01:28.279000,0 days 00:01:27.843000,0 days 00:01:28.194000,,,,,26.5,52.4,37.4,1.6,False
2018,10,British Grand Prix,Silverstone,Q,2018-07-08,27,HUL,hulkenberg,Renault,renault,Nico,Hulkenberg,,11.0,,,0 days 00:01:28.017000,0 days 00:01:27.901000,,,,,,26.5,52.4,37.4,1.6,False
2018,10,British Grand Prix,Silverstone,Q,2018-07-08,11,PER,perez,Force India,force_india,Sergio,Perez,,12.0,,,0 days 00:01:28.210000,0 days 00:01:27.928000,,,,,,26.5,52.4,37.4,1.6,False
2018,10,British Grand Prix,Silverstone,Q,2018-07-08,14,ALO,alonso,McLaren,mclaren,Fernando,Alonso,,13.0,,,0 days 00:01:28.187000,0 days 00:01:28.139000,,,,,,26.5,52.4,37.4,1.6,False
2018,10,British Grand Prix,Silverstone,Q,2018-07-08,10,GAS,gasly,Toro Rosso,toro_rosso,Pierre,Gasly,,14.0,,,0 days 00:01:28.399000,0 days 00:01:28.343000,,,,,,26.5,52.4,37.4,1.6,False
2018,10,British Grand Prix,Silverstone,Q,2018-07-08,9,ERI,ericsson,Sauber,sauber,Marcus,Ericsson,,15.0,,,0 days 00:01:28.249000,0 days 00:01:28.391000,,,,,,26.5,52.4,37.4,1.6,False
2018,10,British Grand Prix,Silverstone,Q,2018-07-08,55,SAI,sainz,Renault,renault,Carlos,Sainz,,16.0,,,0 days 00:01:28.456000,,,,,,,26.5,52.4,37.4,1.6,False
2018,10,British Grand Prix,Silverstone,Q,2018-07-08,2,VAN,vandoorne,McLaren,mclaren,Stoffel,Vandoorne,,17.0,,,0 days 00:01:29.096000,,,,,,,26.5,52.4,37.4,1.6,False
2018,10,British Grand Prix,Silverstone,Q,2018-07-08,35,SIR,sirotkin,Williams,williams,Sergey,Sirotkin,,18.0,,,0 days 00:01:29.252000,,,,,,,26.5,52.4,37.4,1.6,False
2018,10,British Grand Prix,Silverstone,Q,2018-07-08,18,STR,stroll,Williams,williams,Lance,Stroll,,19.0,,,,,,,,,,26.5,52.4,37.4,1.6,False
2018,10,British Grand Prix,Silverstone,Q,2018-07-08,28,HAR,brendon_hartley,Toro Rosso,toro_rosso,Brendon,Hartley,,20.0,,,,,,,,,,26.5,52.4,37.4,1.6,False
2018,11,German Grand Prix,Hockenheim,Q,2018-07-22,5,VET,vettel,Ferrari,ferrari,Sebastian,Vettel,,1.0,,,0 days 00:01:12.538000,0 days 00:01:12.505000,0 days 00:01:11.212000,,,,,23.1,37.9,70.7,1.2,False
2018,11,German Grand Prix,Hockenheim,Q,2018-07-22,77,BOT,bottas,Mercedes,mercedes,Valtteri,Bottas,,2.0,,,0 days 00:01:12.962000,0 days 00:01:12.152000,0 days 00:01:11.416000,,,,,23.1,37.9,70.7,1.2,False
2018,11,German Grand Prix,Hockenheim,Q,2018-07-22,7,RAI,raikkonen,Ferrari,ferrari,Kimi,Räikkönen,,3.0,,,0 days 00:01:12.505000,0 days 00:01:12.336000,0 days 00:01:11.547000,,,,,23.1,37.9,70.7,1.2,False
2018,11,German Grand Prix,Hockenheim,Q,2018-07-22,33,VER,max_verstappen,Red Bull Racing,red_bull,Max,Verstappen,,4.0,,,0 days 00:01:13.127000,0 days 00:01:12.188000,0 days 00:01:11.822000,,,,,23.1,37.9,70.7,1.2,False
2018,11,German Grand Prix,Hockenheim,Q,2018-07-22,20,MAG,kevin_magnussen,Haas F1 Team,haas,Kevin,Magnussen,,5.0,,,0 days 00:01:13.105000,0 days 00:01:12.523000,0 days 00:01:12.200000,,,,,23.1,37.9,70.7,1.2,False
2018,11,German Grand Prix,Hockenheim,Q,2018-07-22,8,GRO,grosjean,Haas F1 Team,haas,Romain,Grosjean,,6.0,,,0 days 00:01:12.986000,0 days 00:01:12.722000,0 days 00:01:12.544000,,,,,23.1,37.9,70.7,1.2,False
2018,11,German Grand Prix,Hockenheim,Q,2018-07-22,27,HUL,hulkenberg,Renault,renault,Nico,Hulkenberg,,7.0,,,0 days 00:01:13.479000,0 days 00:01:12.946000,0 days 00:01:12.560000,,,,,23.1,37.9,70.7,1.2,False
2018,11,German Grand Prix,Hockenheim,Q,2018-07-22,55,SAI,sainz,Renault,renault,Carlos,Sainz,,8.0,,,0 days 00:01:13.324000,0 days 00:01:13.032000,0 days 00:01:12.692000,,,,,23.1,37.9,70.7,1.2,False
2018,11,German Grand Prix,Hockenheim,Q,2018-07-22,16,LEC,leclerc,Sauber,sauber,Charles,Leclerc,,9.0,,,0 days 00:01:13.077000,0 days 00:01:12.995000,0 days 00:01:12.717000,,,,,23.1,37.9,70.7,1.2,False
2018,11,German Grand Prix,Hockenheim,Q,2018-07-22,11,PER,perez,Force India,force_india,Sergio,Perez,,10.0,,,0 days 00:01:13.427000,0 days 00:01:13.072000,0 days 00:01:12.774000,,,,,23.1,37.9,70.7,1.2,False
2018,11,German Grand Prix,Hockenheim,Q,2018-07-22,14,ALO,alonso,McLaren,mclaren,Fernando,Alonso,,11.0,,,0 days 00:01:13.614000,0 days 00:01:13.657000,,,,,,23.1,37.9,70.7,1.2,False
2018,11,German Grand Prix,Hockenheim,Q,2018-07-22,35,SIR,sirotkin,Williams,williams,Sergey,Sirotkin,,12.0,,,0 days 00:01:13.708000,0 days 00:01:13.702000,,,,,,23.1,37.9,70.7,1.2,False
2018,11,German Grand Prix,Hockenheim,Q,2018-07-22,9,ERI,ericsson,Sauber,sauber,Marcus,Ericsson,,13.0,,,0 days 00:01:13.562000,0 days 00:01:13.736000,,,,,,23.1,37.9,70.7,1.2,False
2018,11,German Grand Prix,Hockenheim,Q,2018-07-22,44,HAM,hamilton,Mercedes,mercedes,Lewis,Hamilton,,14.0,,,0 days 00:01:13.012000,,,,,,,23.1,37.9,70.7,1.2,False
2018,11,German Grand Prix,Hockenheim,Q,2018-07-22,3,RIC,ricciardo,Red Bull Racing,red_bull,Daniel,Ricciardo,,15.0,,,0 days 00:01:13.318000,,,,,,,23.1,37.9,70.7,1.2,False
2018,11,German Grand Prix,Hockenheim,Q,2018-07-22,31,OCO,ocon,Force India,force_india,Esteban,Ocon,,16.0,,,0 days 00:01:13.720000,,,,,,,23.1,37.9,70.7,1.2,False
2018,11,German Grand Prix,Hockenheim,Q,2018-07-22,10,GAS,gasly,Toro Rosso,toro_rosso,Pierre,Gasly,,17.0,,,0 days 00:01:13.749000,,,,,,,23.1,37.9,70.7,1.2,False
2018,11,German Grand Prix,Hockenheim,Q,2018-07-22,28,HAR,brendon_hartley,Toro Rosso,toro_rosso,Brendon,Hartley,,18.0,,,0 days 00:01:14.045000,,,,,,,23.1,37.9,70.7,1.2,False
2018,11,German Grand Prix,Hockenheim,Q,2018-07-22,18,STR,stroll,Williams,williams,Lance,Stroll,,19.0,,,0 days 00:01:14.206000,,,,,,,23.1,37.9,70.7,1.2,False
2018,11,German Grand Prix,Hockenheim,Q,2018-07-22,2,VAN,vandoorne,McLaren,mclaren,Stoffel,Vandoorne,,20.0,,,0 days 00:01:14.401000,,,,,,,23.1,37.9,70.7,1.2,False
2018,12,Hungarian Grand Prix,Budapest,Q,2018-07-29,44,HAM,hamilton,Mercedes,mercedes,Lewis,Hamilton,,1.0,,,0 days 00:01:17.419000,0 days 00:01:31.242000,0 days 00:01:35.658000,,,,,23.7,30.3,78.0,1.3,True
2018,12,Hungarian Grand Prix,Budapest,Q,2018-07-29,77,BOT,bottas,Mercedes,mercedes,Valtteri,Bottas,,2.0,,,0 days 00:01:17.123000,0 days 00:01:32.081000,0 days 00:01:35.918000,,,,,23.7,30.3,78.0,1.3,True
2018,12,Hungarian Grand Prix,Budapest,Q,2018-07-29,7,RAI,raikkonen,Ferrari,ferrari,Kimi,Räikkönen,,3.0,,,0 days 00:01:17.526000,0 days 00:01:32.762000,0 days 00:01:36.186000,,,,,23.7,30.3,78.0,1.3,True
2018,12,Hungarian Grand Prix,Budapest,Q,2018-07-29,5,VET,vettel,Ferrari,ferrari,Sebastian,Vettel,,4.0,,,0 days 00:01:16.666000,0 days 00:01:28.636000,0 days 00:01:36.210000,,,,,23.7,30.3,78.0,1.3,True
2018,12,Hungarian Grand Prix,Budapest,Q,2018-07-29,55,SAI,sainz,Renault,renault,Carlos,Sainz,,5.0,,,0 days 00:01:17.829000,0 days 00:01:30.771000,0 days 00:01:36.743000,,,,,23.7,30.3,78.0,1.3,True
2018,12,Hungarian Grand Prix,Budapest,Q,2018-07-29,10,GAS,gasly,Toro Rosso,toro_rosso,Pierre,Gasly,,6.0,,,0 days 00:01:18.577000,0 days 00:01:31.286000,0 days 00:01:37.591000,,,,,23.7,30.3,78.0,1.3,True
2018,12,Hungarian Grand Prix,Budapest,Q,2018-07-29,33,VER,max_verstappen,Red Bull Racing,red_bull,Max,Verstappen,,7.0,,,0 days 00:01:16.940000,0 days 00:01:31.178000,0 days 00:01:38.032000,,,,,23.7,30.3,78.0,1.3,True
2018,12,Hungarian Grand Prix,Budapest,Q,2018-07-29,28,HAR,brendon_hartley,Toro Rosso,toro_rosso,Brendon,Hartley,,8.0,,,0 days 00:01:18.429000,0 days 00:01:32.590000,0 days 00:01:38.128000,,,,,23.7,30.3,78.0,1.3,True
2018,12,Hungarian Grand Prix,Budapest,Q,2018-07-29,20,MAG,kevin_magnussen,Haas F1 Team,haas,Kevin,Magnussen,,9.0,,,0 days 00:01:18.314000,0 days 00:01:32.968000,0 days 00:01:39.858000,,,,,23.7,30.3,78.0,1.3,True
2018,12,Hungarian Grand Prix,Budapest,Q,2018-07-29,8,GRO,grosjean,Haas F1 Team,haas,Romain,Grosjean,,10.0,,,0 days 00:01:17.901000,0 days 00:01:33.650000,0 days 00:01:40.593000,,,,,23.7,30.3,78.0,1.3,True
2018,12,Hungarian Grand Prix,Budapest,Q,2018-07-29,14,ALO,alonso,McLaren,mclaren,Fernando,Alonso,,11.0,,,0 days 00:01:18.208000,0 days 00:01:35.214000,,,,,,23.7,30.3,78.0,1.3,True
2018,12,Hungarian Grand Prix,Budapest,Q,2018-07-29,3,RIC,ricciardo,Red Bull Racing,red_bull,Daniel,Ricciardo,,12.0,,,0 days 00:01:18.540000,0 days 00:01:36.442000,,,,,,23.7,30.3,78.0,1.3,True
2018,12,Hungarian Grand Prix,Budapest,Q,2018-07-29,27,HUL,hulkenberg,Renault,renault,Nico,Hulkenberg,,13.0,,,0 days 00:01:17.905000,0 days 00:01:36.506000,,,,,,23.7,30.3,78.0,1.3,True
2018,12,Hungarian Grand Prix,Budapest,Q,2018-07-29,9,ERI,ericsson,Sauber,sauber,Marcus,Ericsson,,14.0,,,0 days 00:01:18.641000,0 days 00:01:37.075000,,,,,,23.7,30.3,78.0,1.3,True
2018,12,Hungarian Grand Prix,Budapest,Q,2018-07-29,18,STR,stroll,Williams,williams,Lance,Stroll,,15.0,,,0 days 00:01:18.560000,,,,,,,23.7,30.3,78.0,1.3,True
2018,12,Hungarian Grand Prix,Budapest,Q,2018-07-29,2,VAN,vandoorne,McLaren,mclaren,Stoffel,Vandoorne,,16.0,,,0 days 00:01:18.782000,,,,,,,23.7,30.3,78.0,1.3,True
2018,12,Hungarian Grand Prix,Budapest,Q,2018-07-29,16,LEC,leclerc,Sauber,sauber,Charles,Leclerc,,17.0,,,0 days 00:01:18.817000,,,,,,,23.7,30.3,78.0,1.3,True
2018,12,Hungarian Grand Prix,Budapest,Q,2018-07-29,31,OCO,ocon,Force India,force_india,Esteban,Ocon,,18.0,,,0 days 00:01:19.142000,,,,,,,23.7,30.3,78.0,1.3,True
2018,12,Hungarian Grand Prix,Budapest,Q,2018-07-29,11,PER,perez,Force India,force_india,Sergio,Perez,,19.0,,,0 days 00:01:19.200000,,,,,,,23.7,30.3,78.0,1.3,True
2018,12,Hungarian Grand Prix,Budapest,Q,2018-07-29,35,SIR,sirotkin,Williams,williams,Sergey,Sirotkin,,20.0,,,0 days 00:01:19.301000,,,,,,,23.7,30.3,78.0,1.3,True
2018,13,Belgian Grand Prix,Spa-Francorchamps,Q,2018-08-26,44,HAM,hamilton,Mercedes,mercedes,Lewis,Hamilton,,1.0,,,0 days 00:01:42.977000,0 days 00:01:41.553000,0 days 00:01:58.179000,,,,,14.6,26.0,56.4,1.8,True
2018,13,Belgian Grand Prix,Spa-Francorchamps,Q,2018-08-26,5,VET,vettel,Ferrari,ferrari,Sebastian,Vettel,,2.0,,,0 days 00:01:43.035000,0 days 00:01:41.501000,0 days 00:01:58.905000,,,,,14.6,26.0,56.4,1.8,True
2018,13,Belgian Grand Prix,Spa-Francorchamps,Q,2018-08-26,31,OCO,ocon,Racing Point,force_india,Esteban,Ocon,,3.0,,,0 days 00:01:44.003000,0 days 00:01:43.302000,0 days 00:02:01.851000,,,,,14.6,26.0,56.4,1.8,True
2018,13,Belgian Grand Prix,Spa-Francorchamps,Q,2018-08-26,11,PER,perez,Racing Point,force_india,Sergio,Perez,,4.0,,,0 days 00:01:44.004000,0 days 00:01:43.014000,0 days 00:02:01.894000,,,,,14.6,26.0,56.4,1.8,True
2018,13,Belgian Grand Prix,Spa-Francorchamps,Q,2018-08-26,8,GRO,grosjean,Haas F1 Team,haas,Romain,Grosjean,,5.0,,,0 days 00:01:43.597000,0 days 00:01:43.042000,0 days 00:02:02.122000,,,,,14.6,26.0,56.4,1.8,True
2018,13,Belgian Grand Prix,Spa-Francorchamps,Q,2018-08-26,7,RAI,raikkonen,Ferrari,ferrari,Kimi,Räikkönen,,6.0,,,0 days 00:01:42.585000,0 days 00:01:41.533000,0 days 00:02:02.671000,,,,,14.6,26.0,56.4,1.8,True
2018,13,Belgian Grand Prix,Spa-Francorchamps,Q,2018-08-26,33,VER,max_verstappen,Red Bull Racing,red_bull,Max,Verstappen,,7.0,,,0 days 00:01:43.199000,0 days 00:01:42.554000,0 days 00:02:02.769000,,,,,14.6,26.0,56.4,1.8,True
2018,13,Belgian Grand Prix,Spa-Francorchamps,Q,2018-08-26,3,RIC,ricciardo,Red Bull Racing,red_bull,Daniel,Ricciardo,,8.0,,,0 days 00:01:43.604000,0 days 00:01:43.126000,0 days 00:02:02.939000,,,,,14.6,26.0,56.4,1.8,True
2018,13,Belgian Grand Prix,Spa-Francorchamps,Q,2018-08-26,20,MAG,kevin_magnussen,Haas F1 Team,haas,Kevin,Magnussen,,9.0,,,0 days 00:01:43.834000,0 days 00:01:43.320000,0 days 00:02:04.933000,,,,,14.6,26.0,56.4,1.8,True
2018,13,Belgian Grand Prix,Spa-Francorchamps,Q,2018-08-26,77,BOT,bottas,Mercedes,mercedes,Valtteri,Bottas,,10.0,,,0 days 00:01:42.805000,0 days 00:01:42.191000,,,,,,14.6,26.0,56.4,1.8,True
2018,13,Belgian Grand Prix,Spa-Francorchamps,Q,2018-08-26,10,GAS,gasly,Toro Rosso,toro_rosso,Pierre,Gasly,,11.0,,,0 days 00:01:44.221000,0 days 00:01:43.844000,,,,,,14.6,26.0,56.4,1.8,True
2018,13,Belgian Grand Prix,Spa-Francorchamps,Q,2018-08-26,28,HAR,brendon_hartley,Toro Rosso,toro_rosso,Brendon,Hartley,,12.0,,,0 days 00:01:44.153000,0 days 00:01:43.865000,,,,,,14.6,26.0,56.4,1.8,True
2018,13,Belgian Grand Prix,Spa-Francorchamps,Q,2018-08-26,16,LEC,leclerc,Sauber,sauber,Charles,Leclerc,,13.0,,,0 days 00:01:43.654000,0 days 00:01:44.062000,,,,,,14.6,26.0,56.4,1.8,True
2018,13,Belgian Grand Prix,Spa-Francorchamps,Q,2018-08-26,9,ERI,ericsson,Sauber,sauber,Marcus,Ericsson,,14.0,,,0 days 00:01:43.846000,0 days 00:01:44.301000,,,,,,14.6,26.0,56.4,1.8,True
2018,13,Belgian Grand Prix,Spa-Francorchamps,Q,2018-08-26,27,HUL,hulkenberg,Renault,renault,Nico,Hulkenberg,,15.0,,,0 days 00:01:44.145000,,,,,,,14.6,26.0,56.4,1.8,True
2018,13,Belgian Grand Prix,Spa-Francorchamps,Q,2018-08-26,55,SAI,sainz,Renault,renault,Carlos,Sainz,,16.0,,,0 days 00:01:44.489000,,,,,,,14.6,26.0,56.4,1.8,True
2018,13,Belgian Grand Prix,Spa-Francorchamps,Q,2018-08-26,14,ALO,alonso,McLaren,mclaren,Fernando,Alonso,,17.0,,,0 days 00:01:44.917000,,,,,,,14.6,26.0,56.4,1.8,True
2018,13,Belgian Grand Prix,Spa-Francorchamps,Q,2018-08-26,35,SIR,sirotkin,Williams,williams,Sergey,Sirotkin,,18.0,,,0 days 00:01:44.998000,,,,,,,14.6,26.0,56.4,1.8,True
2018,13,Belgian Grand Prix,Spa-Francorchamps,Q,2018-08-26,18,STR,stroll,Williams,williams,Lance,Stroll,,19.0,,,0 days 00:01:45.134000,,,,,,,14.6,26.0,56.4,1.8,True
2018,13,Belgian Grand Prix,Spa-Francorchamps,Q,2018-08-26,2,VAN,vandoorne,McLaren,mclaren,Stoffel,Vandoorne,,20.0,,,0 days 00:01:45.307000,,,,,,,14.6,26.0,56.4,1.8,True
2018,14,Italian Grand Prix,Monza,Q,2018-09-02,7,RAI,raikkonen,Ferrari,ferrari,Kimi,Räikkönen,,1.0,,,0 days 00:01:20.722000,0 days 00:01:19.846000,0 days 00:01:19.119000,,,,,20.1,29.6,66.7,1.3,True
2018,14,Italian Grand Prix,Monza,Q,2018-09-02,5,VET,vettel,Ferrari,ferrari,Sebastian,Vettel,,2.0,,,0 days 00:01:20.542000,0 days 00:01:19.629000,0 days 00:01:19.280000,,,,,20.1,29.6,66.7,1.3,True
2018,14,Italian Grand Prix,Monza,Q,2018-09-02,44,HAM,hamilton,Mercedes,mercedes,Lewis,Hamilton,,3.0,,,0 days 00:01:20.810000,0 days 00:01:19.798000,0 days 00:01:19.294000,,,,,20.1,29.6,66.7,1.3,True
2018,14,Italian Grand Prix,Monza,Q,2018-09-02,77,BOT,bottas,Mercedes,mercedes,Valtteri,Bottas,,4.0,,,0 days 00:01:21.381000,0 days 00:01:20.427000,0 days 00:01:19.656000,,,,,20.1,29.6,66.7,1.3,True
2018,14,Italian Grand Prix,Monza,Q,2018-09-02,33,VER,max_verstappen,Red Bull Racing,red_bull,Max,Verstappen,,5.0,,,0 days 00:01:21.381000,0 days 00:01:20.333000,0 days 00:01:20.615000,,,,,20.1,29.6,66.7,1.3,True
2018,14,Italian Grand Prix,Monza,Q,2018-09-02,8,GRO,grosjean,Haas F1 Team,haas,Romain,Grosjean,,6.0,,,0 days 00:01:21.887000,0 days 00:01:21.239000,0 days 00:01:20.936000,,,,,20.1,29.6,66.7,1.3,True
2018,14,Italian Grand Prix,Monza,Q,2018-09-02,55,SAI,sainz,Renault,renault,Carlos,Sainz,,7.0,,,0 days 00:01:21.732000,0 days 00:01:21.552000,0 days 00:01:21.041000,,,,,20.1,29.6,66.7,1.3,True
2018,14,Italian Grand Prix,Monza,Q,2018-09-02,31,OCO,ocon,Racing Point,force_india,Esteban,Ocon,,8.0,,,0 days 00:01:21.570000,0 days 00:01:21.315000,0 days 00:01:21.099000,,,,,20.1,29.6,66.7,1.3,True
2018,14,Italian Grand Prix,Monza,Q,2018-09-02,10,GAS,gasly,Toro Rosso,toro_rosso,Pierre,Gasly,,9.0,,,0 days 00:01:21.834000,0 days 00:01:21.667000,0 days 00:01:21.350000,,,,,20.1,29.6,66.7,1.3,True
2018,14,Italian Grand Prix,Monza,Q,2018-09-02,18,STR,stroll,Williams,williams,Lance,Stroll,,10.0,,,0 days 00:01:21.838000,0 days 00:01:21.494000,0 days 00:01:21.627000,,,,,20.1,29.6,66.7,1.3,True
2018,14,Italian Grand Prix,Monza,Q,2018-09-02,20,MAG,kevin_magnussen,Haas F1 Team,haas,Kevin,Magnussen,,11.0,,,0 days 00:01:21.783000,0 days 00:01:21.669000,,,,,,20.1,29.6,66.7,1.3,True
2018,14,Italian Grand Prix,Monza,Q,2018-09-02,35,SIR,sirotkin,Williams,williams,Sergey,Sirotkin,,12.0,,,0 days 00:01:21.813000,0 days 00:01:21.732000,,,,,,20.1,29.6,66.7,1.3,True
2018,14,Italian Grand Prix,Monza,Q,2018-09-02,14,ALO,alonso,McLaren,mclaren,Fernando,Alonso,,13.0,,,0 days 00:01:21.850000,0 days 00:01:22.568000,,,,,,20.1,29.6,66.7,1.3,True
2018,14,Italian Grand Prix,Monza,Q,2018-09-02,27,HUL,hulkenberg,Renault,renault,Nico,Hulkenberg,,14.0,,,0 days 00:01:21.801000,,,,,,,20.1,29.6,66.7,1.3,True
2018,14,Italian Grand Prix,Monza,Q,2018-09-02,3,RIC,ricciardo,Red Bull Racing,red_bull,Daniel,Ricciardo,,15.0,,,0 days 00:01:21.280000,,,,,,,20.1,29.6,66.7,1.3,True
2018,14,Italian Grand Prix,Monza,Q,2018-09-02,11,PER,perez,Racing Point,force_india,Sergio,Perez,,16.0,,,0 days 00:01:21.888000,,,,,,,20.1,29.6,66.7,1.3,True
2018,14,Italian Grand Prix,Monza,Q,2018-09-02,16,LEC,leclerc,Sauber,sauber,Charles,Leclerc,,17.0,,,0 days 00:01:21.889000,,,,,,,20.1,29.6,66.7,1.3,True
2018,14,Italian Grand Prix,Monza,Q,2018-09-02,28,HAR,brendon_hartley,Toro Rosso,toro_rosso,Brendon,Hartley,,18.0,,,0 days 00:01:21.934000,,,,,,,20.1,29.6,66.7,1.3,True
2018,14,Italian Grand Prix,Monza,Q,2018-09-02,9,ERI,ericsson,Sauber,sauber,Marcus,Ericsson,,19.0,,,0 days 00:01:22.048000,,,,,,,20.1,29.6,66.7,1.3,True
2018,14,Italian Grand Prix,Monza,Q,2018-09-02,2,VAN,vandoorne,McLaren,mclaren,Stoffel,Vandoorne,,20.0,,,0 days 00:01:22.085000,,,,,,,20.1,29.6,66.7,1.3,True
2018,15,Singapore Grand Prix,Singapore,Q,2018-09-16,44,HAM,hamilton,Mercedes,mercedes,Lewis,Hamilton,,1.0,,,0 days 00:01:39.403000,0 days 00:01:37.344000,0 days 00:01:36.015000,,,,,29.5,33.3,70.7,1.3,False
2018,15,Singapore Grand Prix,Singapore,Q,2018-09-16,33,VER,max_verstappen,Red Bull Racing,red_bull,Max,Verstappen,,2.0,,,0 days 00:01:38.751000,0 days 00:01:37.214000,0 days 00:01:36.334000,,,,,29.5,33.3,70.7,1.3,False
2018,15,Singapore Grand Prix,Singapore,Q,2018-09-16,5,VET,vettel,Ferrari,ferrari,Sebastian,Vettel,,3.0,,,0 days 00:01:38.218000,0 days 00:01:37.876000,0 days 00:01:36.628000,,,,,29.5,33.3,70.7,1.3,False
2018,15,Singapore Grand Prix,Singapore,Q,2018-09-16,77,BOT,bottas,Mercedes,mercedes,Valtteri,Bottas,,4.0,,,0 days 00:01:39.291000,0 days 00:01:37.254000,0 days 00:01:36.702000,,,,,29.5,33.3,70.7,1.3,False
2018,15,Singapore Grand Prix,Singapore,Q,2018-09-16,7,RAI,raikkonen,Ferrari,ferrari,Kimi,Räikkönen,,5.0,,,0 days 00:01:38.534000,0 days 00:01:37.194000,0 days 00:01:36.794000,,,,,29.5,33.3,70.7,1.3,False
2018,15,Singapore Grand Prix,Singapore,Q,2018-09-16,3,RIC,ricciardo,Red Bull Racing,red_bull,Daniel,Ricciardo,,6.0,,,0 days 00:01:38.153000,0 days 00:01:37.406000,0 days 00:01:36.996000,,,,,29.5,33.3,70.7,1.3,False
2018,15,Singapore Grand Prix,Singapore,Q,2018-09-16,11,PER,perez,Racing Point,force_india,Sergio,Perez,,7.0,,,0 days 00:01:38.814000,0 days 00:01:38.342000,0 days 00:01:37.985000,,,,,29.5,33.3,70.7,1.3,False
2018,15,Singapore Grand Prix,Singapore,Q,2018-09-16,8,GRO,grosjean,Haas F1 Team,haas,Romain,Grosjean,,8.0,,,0 days 00:01:38.685000,0 days 00:01:38.367000,0 days 00:01:38.320000,,,,,29.5,33.3,70.7,1.3,False
2018,15,Singapore Grand Prix,Singapore,Q,2018-09-16,31,OCO,ocon,Racing Point,force_india,Esteban,Ocon,,9.0,,,0 days 00:01:38.912000,0 days 00:01:38.534000,0 days 00:01:38.365000,,,,,29.5,33.3,70.7,1.3,False
2018,15,Singapore Grand Prix,Singapore,Q,2018-09-16,27,HUL,hulkenberg,Renault,renault,Nico,Hulkenberg,,10.0,,,0 days 00:01:38.932000,0 days 00:01:38.450000,0 days 00:01:38.588000,,,,,29.5,33.3,70.7,1.3,False
2018,15,Singapore Grand Prix,Singapore,Q,2018-09-16,14,ALO,alonso,McLaren,mclaren,Fernando,Alonso,,11.0,,,0 days 00:01:39.022000,0 days 00:01:38.641000,,,,,,29.5,33.3,70.7,1.3,False
2018,15,Singapore Grand Prix,Singapore,Q,2018-09-16,55,SAI,sainz,Renault,renault,Carlos,Sainz,,12.0,,,0 days 00:01:39.103000,0 days 00:01:38.716000,,,,,,29.5,33.3,70.7,1.3,False
2018,15,Singapore Grand Prix,Singapore,Q,2018-09-16,16,LEC,leclerc,Sauber,sauber,Charles,Leclerc,,13.0,,,0 days 00:01:39.206000,0 days 00:01:38.747000,,,,,,29.5,33.3,70.7,1.3,False
2018,15,Singapore Grand Prix,Singapore,Q,2018-09-16,9,ERI,ericsson,Sauber,sauber,Marcus,Ericsson,,14.0,,,0 days 00:01:39.366000,0 days 00:01:39.453000,,,,,,29.5,33.3,70.7,1.3,False
2018,15,Singapore Grand Prix,Singapore,Q,2018-09-16,10,GAS,gasly,Toro Rosso,toro_rosso,Pierre,Gasly,,15.0,,,0 days 00:01:39.614000,0 days 00:01:39.691000,,,,,,29.5,33.3,70.7,1.3,False
2018,15,Singapore Grand Prix,Singapore,Q,2018-09-16,20,MAG,kevin_magnussen,Haas F1 Team,haas,Kevin,Magnussen,,16.0,,,0 days 00:01:39.644000,,,,,,,29.5,33.3,70.7,1.3,False
2018,15,Singapore Grand Prix,Singapore,Q,2018-09-16,28,HAR,brendon_hartley,Toro Rosso,toro_rosso,Brendon,Hartley,,17.0,,,0 days 00:01:39.809000,,,,,,,29.5,33.3,70.7,1.3,False
2018,15,Singapore Grand Prix,Singapore,Q,2018-09-16,2,VAN,vandoorne,McLaren,mclaren,Stoffel,Vandoorne,,18.0,,,0 days 00:01:39.864000,,,,,,,29.5,33.3,70.7,1.3,False
2018,15,Singapore Grand Prix,Singapore,Q,2018-09-16,35,SIR,sirotkin,Williams,williams,Sergey,Sirotkin,,19.0,,,0 days 00:01:41.263000,,,,,,,29.5,33.3,70.7,1.3,False
2018,15,Singapore Grand Prix,Singapore,Q,2018-09-16,18,STR,stroll,Williams,williams,Lance,Stroll,,20.0,,,0 days 00:01:41.334000,,,,,,,29.5,33.3,70.7,1.3,False
2018,16,Russian Grand Prix,Sochi,Q,2018-09-30,77,BOT,bottas,Mercedes,mercedes,Valtteri,Bottas,,1.0,,,0 days 00:01:32.964000,0 days 00:01:32.744000,0 days 00:01:31.387000,,,,,23.5,36.6,60.8,1.7,False
2018,16,Russian Grand Prix,Sochi,Q,2018-09-30,44,HAM,hamilton,Mercedes,mercedes,Lewis,Hamilton,,2.0,,,0 days 00:01:32.410000,0 days 00:01:32.595000,0 days 00:01:31.532000,,,,,23.5,36.6,60.8,1.7,False
2018,16,Russian Grand Prix,Sochi,Q,2018-09-30,5,VET,vettel,Ferrari,ferrari,Sebastian,Vettel,,3.0,,,0 days 00:01:33.476000,0 days 00:01:33.045000,0 days 00:01:31.943000,,,,,23.5,36.6,60.8,1.7,False
2018,16,Russian Grand Prix,Sochi,Q,2018-09-30,7,RAI,raikkonen,Ferrari,ferrari,Kimi,Räikkönen,,4.0,,,0 days 00:01:33.341000,0 days 00:01:33.065000,0 days 00:01:32.237000,,,,,23.5,36.6,60.8,1.7,False
2018,16,Russian Grand Prix,Sochi,Q,2018-09-30,20,MAG,kevin_magnussen,Haas F1 Team,haas,Kevin,Magnussen,,5.0,,,0 days 00:01:34.078000,0 days 00:01:33.747000,0 days 00:01:33.181000,,,,,23.5,36.6,60.8,1.7,False
2018,16,Russian Grand Prix,Sochi,Q,2018-09-30,31,OCO,ocon,Racing Point,force_india,Esteban,Ocon,,6.0,,,0 days 00:01:34.290000,0 days 00:01:33.596000,0 days 00:01:33.413000,,,,,23.5,36.6,60.8,1.7,False
2018,16,Russian Grand Prix,Sochi,Q,2018-09-30,16,LEC,leclerc,Sauber,sauber,Charles,Leclerc,,7.0,,,0 days 00:01:33.924000,0 days 00:01:33.488000,0 days 00:01:33.419000,,,,,23.5,36.6,60.8,1.7,False
2018,16,Russian Grand Prix,Sochi,Q,2018-09-30,11,PER,perez,Racing Point,force_india,Sergio,Perez,,8.0,,,0 days 00:01:34.084000,0 days 00:01:33.923000,0 days 00:01:33.563000,,,,,23.5,36.6,60.8,1.7,False
2018,16,Russian Grand Prix,Sochi,Q,2018-09-30,8,GRO,grosjean,Haas F1 Team,haas,Romain,Grosjean,,9.0,,,0 days 00:01:34.022000,0 days 00:01:33.517000,0 days 00:01:33.704000,,,,,23.5,36.6,60.8,1.7,False
2018,16,Russian Grand Prix,Sochi,Q,2018-09-30,9,ERI,ericsson,Sauber,sauber,Marcus,Ericsson,,10.0,,,0 days 00:01:34.170000,0 days 00:01:33.995000,0 days 00:01:35.196000,,,,,23.5,36.6,60.8,1.7,False
2018,16,Russian Grand Prix,Sochi,Q,2018-09-30,33,VER,max_verstappen,Red Bull Racing,red_bull,Max,Verstappen,,11.0,,,0 days 00:01:33.048000,,,,,,,23.5,36.6,60.8,1.7,False
2018,16,Russian Grand Prix,Sochi,Q,2018-09-30,3,RIC,ricciardo,Red Bull Racing,red_bull,Daniel,Ricciardo,,12.0,,,0 days 00:01:33.247000,,,,,,,23.5,36.6,60.8,1.7,False
2018,16,Russian Grand Prix,Sochi,Q,2018-09-30,10,GAS,gasly,Toro Rosso,toro_rosso,Pierre,Gasly,,13.0,,,0 days 00:01:34.383000,,,,,,,23.5,36.6,60.8,1.7,False
2018,16,Russian Grand Prix,Sochi,Q,2018-09-30,55,SAI,sainz,Renault,renault,Carlos,Sainz,,14.0,,,0 days 00:01:34.626000,,,,,,,23.5,36.6,60.8,1.7,False
2018,16,Russian Grand Prix,Sochi,Q,2018-09-30,27,HUL,hulkenberg,Renault,renault,Nico,Hulkenberg,,15.0,,,0 days 00:01:34.655000,,,,,,,23.5,36.6,60.8,1.7,False
2018,16,Russian Grand Prix,Sochi,Q,2018-09-30,28,HAR,brendon_hartley,Toro Rosso,toro_rosso,Brendon,Hartley,,16.0,,,0 days 00:01:35.037000,,,,,,,23.5,36.6,60.8,1.7,False
2018,16,Russian Grand Prix,Sochi,Q,2018-09-30,14,ALO,alonso,McLaren,mclaren,Fernando,Alonso,,17.0,,,0 days 00:01:35.504000,,,,,,,23.5,36.6,60.8,1.7,False
2018,16,Russian Grand Prix,Sochi,Q,2018-09-30,35,SIR,sirotkin,Williams,williams,Sergey,Sirotkin,,18.0,,,0 days 00:01:35.612000,,,,,,,23.5,36.6,60.8,1.7,False
2018,16,Russian Grand Prix,Sochi,Q,2018-09-30,2,VAN,vandoorne,McLaren,mclaren,Stoffel,Vandoorne,,19.0,,,0 days 00:01:35.977000,,,,,,,23.5,36.6,60.8,1.7,False
2018,16,Russian Grand Prix,Sochi,Q,2018-09-30,18,STR,stroll,Williams,williams,Lance,Stroll,,20.0,,,0 days 00:01:36.437000,,,,,,,23.5,36.6,60.8,1.7,False
2018,17,Japanese Grand Prix,Suzuka,Q,2018-10-07,44,HAM,hamilton,Mercedes,mercedes,Lewis,Hamilton,,1.0,,,0 days 00:01:28.702000,0 days 00:01:28.017000,0 days 00:01:27.760000,,,,,26.6,28.0,85.0,4.1,True
2018,17,Japanese Grand Prix,Suzuka,Q,2018-10-07,77,BOT,bottas,Mercedes,mercedes,Valtteri,Bottas,,2.0,,,0 days 00:01:29.297000,0 days 00:01:27.987000,0 days 00:01:28.059000,,,,,26.6,28.0,85.0,4.1,True
2018,17,Japanese Grand Prix,Suzuka,Q,2018-10-07,33,VER,max_verstappen,Red Bull Racing,red_bull,Max,Verstappen,,3.0,,,0 days 00:01:29.480000,0 days 00:01:28.849000,0 days 00:01:29.057000,,,,,26.6,28.0,85.0,4.1,True
2018,17,Japanese Grand Prix,Suzuka,Q,2018-10-07,7,RAI,raikkonen,Ferrari,ferrari,Kimi,Räikkönen,,4.0,,,0 days 00:01:29.631000,0 days 00:01:28.595000,0 days 00:01:29.521000,,,,,26.6,28.0,85.0,4.1,True
2018,17,Japanese Grand Prix,Suzuka,Q,2018-10-07,8,GRO,grosjean,Haas F1 Team,haas,Romain,Grosjean,,5.0,,,0 days 00:01:29.724000,0 days 00:01:29.678000,0 days 00:01:29.761000,,,,,26.6,28.0,85.0,4.1,True
2018,17,Japanese Grand Prix,Suzuka,Q,2018-10-07,28,HAR,brendon_hartley,Toro Rosso,toro_rosso,Brendon,Hartley,,6.0,,,0 days 00:01:30.248000,0 days 00:01:29.848000,0 days 00:01:30.023000,,,,,26.6,28.0,85.0,4.1,True
2018,17,Japanese Grand Prix,Suzuka,Q,2018-10-07,10,GAS,gasly,Toro Rosso,toro_rosso,Pierre,Gasly,,7.0,,,0 days 00:01:30.137000,0 days 00:01:29.810000,0 days 00:01:30.093000,,,,,26.6,28.0,85.0,4.1,True
2018,17,Japanese Grand Prix,Suzuka,Q,2018-10-07,31,OCO,ocon,Racing Point,force_india,Esteban,Ocon,,8.0,,,0 days 00:01:29.899000,0 days 00:01:29.538000,0 days 00:01:30.126000,,,,,26.6,28.0,85.0,4.1,True
2018,17,Japanese Grand Prix,Suzuka,Q,2018-10-07,5,VET,vettel,Ferrari,ferrari,Sebastian,Vettel,,9.0,,,0 days 00:01:29.049000,0 days 00:01:28.279000,0 days 00:01:32.192000,,,,,26.6,28.0,85.0,4.1,True
2018,17,Japanese Grand Prix,Suzuka,Q,2018-10-07,11,PER,perez,Racing Point,force_india,Sergio,Perez,,10.0,,,0 days 00:01:30.247000,0 days 00:01:29.567000,0 days 00:01:37.229000,,,,,26.6,28.0,85.0,4.1,True
2018,17,Japanese Grand Prix,Suzuka,Q,2018-10-07,16,LEC,leclerc,Sauber,sauber,Charles,Leclerc,,11.0,,,0 days 00:01:29.706000,0 days 00:01:29.864000,,,,,,26.6,28.0,85.0,4.1,True
2018,17,Japanese Grand Prix,Suzuka,Q,2018-10-07,20,MAG,kevin_magnussen,Haas F1 Team,haas,Kevin,Magnussen,,12.0,,,0 days 00:01:30.219000,0 days 00:01:30.226000,,,,,,26.6,28.0,85.0,4.1,True
2018,17,Japanese Grand Prix,Suzuka,Q,2018-10-07,55,SAI,sainz,Renault,renault,Carlos,Sainz,,13.0,,,0 days 00:01:30.236000,0 days 00:01:30.490000,,,,,,26.6,28.0,85.0,4.1,True
2018,17,Japanese Grand Prix,Suzuka,Q,2018-10-07,18,STR,stroll,Williams,williams,Lance,Stroll,,14.0,,,0 days 00:01:30.317000,0 days 00:01:30.714000,,,,,,26.6,28.0,85.0,4.1,True
2018,17,Japanese Grand Prix,Suzuka,Q,2018-10-07,3,RIC,ricciardo,Red Bull Racing,red_bull,Daniel,Ricciardo,,15.0,,,0 days 00:01:29.806000,,,,,,,26.6,28.0,85.0,4.1,True
2018,17,Japanese Grand Prix,Suzuka,Q,2018-10-07,27,HUL,hulkenberg,Renault,renault,Nico,Hulkenberg,,16.0,,,0 days 00:01:30.361000,,,,,,,26.6,28.0,85.0,4.1,True
2018,17,Japanese Grand Prix,Suzuka,Q,2018-10-07,35,SIR,sirotkin,Williams,williams,Sergey,Sirotkin,,17.0,,,0 days 00:01:30.372000,,,,,,,26.6,28.0,85.0,4.1,True
2018,17,Japanese Grand Prix,Suzuka,Q,2018-10-07,14,ALO,alonso,McLaren,mclaren,Fernando,Alonso,,18.0,,,0 days 00:01:30.573000,,,,,,,26.6,28.0,85.0,4.1,True
2018,17,Japanese Grand Prix,Suzuka,Q,2018-10-07,2,VAN,vandoorne,McLaren,mclaren,Stoffel,Vandoorne,,19.0,,,0 days 00:01:31.041000,,,,,,,26.6,28.0,85.0,4.1,True
2018,17,Japanese Grand Prix,Suzuka,Q,2018-10-07,9,ERI,ericsson,Sauber,sauber,Marcus,Ericsson,,20.0,,,0 days 00:01:31.213000,,,,,,,26.6,28.0,85.0,4.1,True
2018,18,United States Grand Prix,Austin,Q,2018-10-21,44,HAM,hamilton,Mercedes,mercedes,Lewis,Hamilton,,1.0,,,0 days 00:01:34.130000,0 days 00:01:33.480000,0 days 00:01:32.237000,,,,,19.4,21.6,74.3,1.7,False
2018,18,United States Grand Prix,Austin,Q,2018-10-21,5,VET,vettel,Ferrari,ferrari,Sebastian,Vettel,,2.0,,,0 days 00:01:34.569000,0 days 00:01:33.079000,0 days 00:01:32.298000,,,,,19.4,21.6,74.3,1.7,False
2018,18,United States Grand Prix,Austin,Q,2018-10-21,7,RAI,raikkonen,Ferrari,ferrari,Kimi,Räikkönen,,3.0,,,0 days 00:01:34.703000,0 days 00:01:32.884000,0 days 00:01:32.307000,,,,,19.4,21.6,74.3,1.7,False
2018,18,United States Grand Prix,Austin,Q,2018-10-21,77,BOT,bottas,Mercedes,mercedes,Valtteri,Bottas,,4.0,,,0 days 00:01:34.518000,0 days 00:01:33.702000,0 days 00:01:32.616000,,,,,19.4,21.6,74.3,1.7,False
2018,18,United States Grand Prix,Austin,Q,2018-10-21,3,RIC,ricciardo,Red Bull Racing,red_bull,Daniel,Ricciardo,,5.0,,,0 days 00:01:34.755000,0 days 00:01:34.185000,0 days 00:01:33.494000,,,,,19.4,21.6,74.3,1.7,False
2018,18,United States Grand Prix,Austin,Q,2018-10-21,31,OCO,ocon,Racing Point,force_india,Esteban,Ocon,,6.0,,,0 days 00:01:34.876000,0 days 00:01:34.522000,0 days 00:01:34.145000,,,,,19.4,21.6,74.3,1.7,False
2018,18,United States Grand Prix,Austin,Q,2018-10-21,27,HUL,hulkenberg,Renault,renault,Nico,Hulkenberg,,7.0,,,0 days 00:01:34.932000,0 days 00:01:34.564000,0 days 00:01:34.215000,,,,,19.4,21.6,74.3,1.7,False
2018,18,United States Grand Prix,Austin,Q,2018-10-21,8,GRO,grosjean,Haas F1 Team,haas,Romain,Grosjean,,8.0,,,0 days 00:01:34.892000,0 days 00:01:34.419000,0 days 00:01:34.250000,,,,,19.4,21.6,74.3,1.7,False
2018,18,United States Grand Prix,Austin,Q,2018-10-21,16,LEC,leclerc,Sauber,sauber,Charles,Leclerc,,9.0,,,0 days 00:01:35.069000,0 days 00:01:34.255000,0 days 00:01:34.420000,,,,,19.4,21.6,74.3,1.7,False
2018,18,United States Grand Prix,Austin,Q,2018-10-21,11,PER,perez,Racing Point,force_india,Sergio,Perez,,10.0,,,0 days 00:01:35.193000,0 days 00:01:34.525000,0 days 00:01:34.594000,,,,,19.4,21.6,74.3,1.7,False
2018,18,United States Grand Prix,Austin,Q,2018-10-21,55,SAI,sainz,Renault,renault,Carlos,Sainz,,11.0,,,0 days 00:01:34.891000,0 days 00:01:34.566000,,,,,,19.4,21.6,74.3,1.7,False
2018,18,United States Grand Prix,Austin,Q,2018-10-21,20,MAG,kevin_magnussen,Haas F1 Team,haas,Kevin,Magnussen,,12.0,,,0 days 00:01:34.972000,0 days 00:01:34.732000,,,,,,19.4,21.6,74.3,1.7,False
2018,18,United States Grand Prix,Austin,Q,2018-10-21,10,GAS,gasly,Toro Rosso,toro_rosso,Pierre,Gasly,,13.0,,,0 days 00:01:34.850000,,,,,,,19.4,21.6,74.3,1.7,False
2018,18,United States Grand Prix,Austin,Q,2018-10-21,28,HAR,brendon_hartley,Toro Rosso,toro_rosso,Brendon,Hartley,,14.0,,,0 days 00:01:35.206000,,,,,,,19.4,21.6,74.3,1.7,False
2018,18,United States Grand Prix,Austin,Q,2018-10-21,33,VER,max_verstappen,Red Bull Racing,red_bull,Max,Verstappen,,15.0,,,0 days 00:01:34.766000,,,,,,,19.4,21.6,74.3,1.7,False
2018,18,United States Grand Prix,Austin,Q,2018-10-21,14,ALO,alonso,McLaren,mclaren,Fernando,Alonso,,16.0,,,0 days 00:01:35.294000,,,,,,,19.4,21.6,74.3,1.7,False
2018,18,United States Grand Prix,Austin,Q,2018-10-21,35,SIR,sirotkin,Williams,williams,Sergey,Sirotkin,,17.0,,,0 days 00:01:35.362000,,,,,,,19.4,21.6,74.3,1.7,False
2018,18,United States Grand Prix,Austin,Q,2018-10-21,18,STR,stroll,Williams,williams,Lance,Stroll,,18.0,,,0 days 00:01:35.480000,,,,,,,19.4,21.6,74.3,1.7,False
2018,18,United States Grand Prix,Austin,Q,2018-10-21,9,ERI,ericsson,Sauber,sauber,Marcus,Ericsson,,19.0,,,0 days 00:01:35.536000,,,,,,,19.4,21.6,74.3,1.7,False
2018,18,United States Grand Prix,Austin,Q,2018-10-21,2,VAN,vandoorne,McLaren,mclaren,Stoffel,Vandoorne,,20.0,,,0 days 00:01:35.735000,,,,,,,19.4,21.6,74.3,1.7,False
2018,19,Mexican Grand Prix,Mexico City,Q,2018-10-28,3,RIC,ricciardo,Red Bull Racing,red_bull,Daniel,Ricciardo,,1.0,,,0 days 00:01:15.866000,0 days 00:01:15.845000,0 days 00:01:14.759000,,,,,19.1,27.7,61.2,1.0,True
2018,19,Mexican Grand Prix,Mexico City,Q,2018-10-28,33,VER,max_verstappen,Red Bull Racing,red_bull,Max,Verstappen,,2.0,,,0 days 00:01:15.756000,0 days 00:01:15.640000,0 days 00:01:14.785000,,,,,19.1,27.7,61.2,1.0,True
2018,19,Mexican Grand Prix,Mexico City,Q,2018-10-28,44,HAM,hamilton,Mercedes,mercedes,Lewis,Hamilton,,3.0,,,0 days 00:01:15.673000,0 days 00:01:15.644000,0 days 00:01:14.894000,,,,,19.1,27.7,61.2,1.0,True
2018,19,Mexican Grand Prix,Mexico City,Q,2018-10-28,5,VET,vettel,Ferrari,ferrari,Sebastian,Vettel,,4.0,,,0 days 00:01:16.089000,0 days 00:01:15.715000,0 days 00:01:14.970000,,,,,19.1,27.7,61.2,1.0,True
2018,19,Mexican Grand Prix,Mexico City,Q,2018-10-28,77,BOT,bottas,Mercedes,mercedes,Valtteri,Bottas,,5.0,,,0 days 00:01:15.580000,0 days 00:01:15.923000,0 days 00:01:15.160000,,,,,19.1,27.7,61.2,1.0,True
2018,19,Mexican Grand Prix,Mexico City,Q,2018-10-28,7,RAI,raikkonen,Ferrari,ferrari,Kimi,Räikkönen,,6.0,,,0 days 00:01:16.446000,0 days 00:01:15.996000,0 days 00:01:15.330000,,,,,19.1,27.7,61.2,1.0,True
2018,19,Mexican Grand Prix,Mexico City,Q,2018-10-28,27,HUL,hulkenberg,Renault,renault,Nico,Hulkenberg,,7.0,,,0 days 00:01:16.498000,0 days 00:01:16.126000,0 days 00:01:15.827000,,,,,19.1,27.7,61.2,1.0,True
2018,19,Mexican Grand Prix,Mexico City,Q,2018-10-28,55,SAI,sainz,Renault,renault,Carlos,Sainz,,8.0,,,0 days 00:01:16.813000,0 days 00:01:16.188000,0 days 00:01:16.084000,,,,,19.1,27.7,61.2,1.0,True
2018,19,Mexican Grand Prix,Mexico City,Q,2018-10-28,16,LEC,leclerc,Sauber,sauber,Charles,Leclerc,,9.0,,,0 days 00:01:16.862000,0 days 00:01:16.320000,0 days 00:01:16.189000,,,,,19.1,27.7,61.2,1.0,True
2018,19,Mexican Grand Prix,Mexico City,Q,2018-10-28,9,ERI,ericsson,Sauber,sauber,Marcus,Ericsson,,10.0,,,0 days 00:01:16.701000,0 days 00:01:16.633000,0 days 00:01:16.513000,,,,,19.1,27.7,61.2,1.0,True
2018,19,Mexican Grand Prix,Mexico City,Q,2018-10-28,31,OCO,ocon,Racing Point,force_india,Esteban,Ocon,,11.0,,,0 days 00:01:16.252000,0 days 00:01:16.844000,,,,,,19.1,27.7,61.2,1.0,True
2018,19,Mexican Grand Prix,Mexico City,Q,2018-10-28,14,ALO,alonso,McLaren,mclaren,Fernando,Alonso,,12.0,,,0 days 00:01:16.857000,0 days 00:01:16.871000,,,,,,19.1,27.7,61.2,1.0,True
2018,19,Mexican Grand Prix,Mexico City,Q,2018-10-28,11,PER,perez,Racing Point,force_india,Sergio,Perez,,13.0,,,0 days 00:01:16.242000,0 days 00:01:17.167000,,,,,,19.1,27.7,61.2,1.0,True
2018,19,Mexican Grand Prix,Mexico City,Q,2018-10-28,28,HAR,brendon_hartley,Toro Rosso,toro_rosso,Brendon,Hartley,,14.0,,,0 days 00:01:16.682000,0 days 00:01:17.184000,,,,,,19.1,27.7,61.2,1.0,True
2018,19,Mexican Grand Prix,Mexico City,Q,2018-10-28,10,GAS,gasly,Toro Rosso,toro_rosso,Pierre,Gasly,,15.0,,,0 days 00:01:16.828000,,,,,,,19.1,27.7,61.2,1.0,True
2018,19,Mexican Grand Prix,Mexico City,Q,2018-10-28,8,GRO,grosjean,Haas F1 Team,haas,Romain,Grosjean,,16.0,,,0 days 00:01:16.911000,,,,,,,19.1,27.7,61.2,1.0,True
2018,19,Mexican Grand Prix,Mexico City,Q,2018-10-28,2,VAN,vandoorne,McLaren,mclaren,Stoffel,Vandoorne,,17.0,,,0 days 00:01:16.966000,,,,,,,19.1,27.7,61.2,1.0,True
2018,19,Mexican Grand Prix,Mexico City,Q,2018-10-28,20,MAG,kevin_magnussen,Haas F1 Team,haas,Kevin,Magnussen,,18.0,,,0 days 00:01:17.599000,,,,,,,19.1,27.7,61.2,1.0,True
2018,19,Mexican Grand Prix,Mexico City,Q,2018-10-28,18,STR,stroll,Williams,williams,Lance,Stroll,,19.0,,,0 days 00:01:17.689000,,,,,,,19.1,27.7,61.2,1.0,True
2018,19,Mexican Grand Prix,Mexico City,Q,2018-10-28,35,SIR,sirotkin,Williams,williams,Sergey,Sirotkin,,20.0,,,0 days 00:01:17.886000,,,,,,,19.1,27.7,61.2,1.0,True
2018,20,Brazilian Grand Prix,São Paulo,Q,2018-11-11,44,HAM,hamilton,Mercedes,mercedes,Lewis,Hamilton,,1.0,,,0 days 00:01:08.464000,0 days 00:01:07.795000,0 days 00:01:07.281000,,,,,23.0,35.6,74.8,1.6,True
2018,20,Brazilian Grand Prix,São Paulo,Q,2018-11-11,5,VET,vettel,Ferrari,ferrari,Sebastian,Vettel,,2.0,,,0 days 00:01:08.452000,0 days 00:01:07.776000,0 days 00:01:07.374000,,,,,23.0,35.6,74.8,1.6,True
2018,20,Brazilian Grand Prix,São Paulo,Q,2018-11-11,77,BOT,bottas,Mercedes,mercedes,Valtteri,Bottas,,3.0,,,0 days 00:01:08.492000,0 days 00:01:07.727000,0 days 00:01:07.441000,,,,,23.0,35.6,74.8,1.6,True
2018,20,Brazilian Grand Prix,São Paulo,Q,2018-11-11,7,RAI,raikkonen,Ferrari,ferrari,Kimi,Räikkönen,,4.0,,,0 days 00:01:08.452000,0 days 00:01:08.028000,0 days 00:01:07.456000,,,,,23.0,35.6,74.8,1.6,True
2018,20,Brazilian Grand Prix,São Paulo,Q,2018-11-11,33,VER,max_verstappen,Red Bull Racing,red_bull,Max,Verstappen,,5.0,,,0 days 00:01:08.205000,0 days 00:01:08.017000,0 days 00:01:07.778000,,,,,23.0,35.6,74.8,1.6,True
2018,20,Brazilian Grand Prix,São Paulo,Q,2018-11-11,3,RIC,ricciardo,Red Bull Racing,red_bull,Daniel,Ricciardo,,6.0,,,0 days 00:01:08.544000,0 days 00:01:08.055000,0 days 00:01:07.780000,,,,,23.0,35.6,74.8,1.6,True
2018,20,Brazilian Grand Prix,São Paulo,Q,2018-11-11,9,ERI,ericsson,Sauber,sauber,Marcus,Ericsson,,7.0,,,0 days 00:01:08.754000,0 days 00:01:08.579000,0 days 00:01:08.296000,,,,,23.0,35.6,74.8,1.6,True
2018,20,Brazilian Grand Prix,São Paulo,Q,2018-11-11,16,LEC,leclerc,Sauber,sauber,Charles,Leclerc,,8.0,,,0 days 00:01:08.667000,0 days 00:01:08.335000,0 days 00:01:08.492000,,,,,23.0,35.6,74.8,1.6,True
2018,20,Brazilian Grand Prix,São Paulo,Q,2018-11-11,8,GRO,grosjean,Haas F1 Team,haas,Romain,Grosjean,,9.0,,,0 days 00:01:08.735000,0 days 00:01:08.239000,0 days 00:01:08.517000,,,,,23.0,35.6,74.8,1.6,True
2018,20,Brazilian Grand Prix,São Paulo,Q,2018-11-11,10,GAS,gasly,Toro Rosso,toro_rosso,Pierre,Gasly,,10.0,,,0 days 00:01:09.046000,0 days 00:01:08.616000,0 days 00:01:09.029000,,,,,23.0,35.6,74.8,1.6,True
2018,20,Brazilian Grand Prix,São Paulo,Q,2018-11-11,20,MAG,kevin_magnussen,Haas F1 Team,haas,Kevin,Magnussen,,11.0,,,0 days 00:01:08.474000,0 days 00:01:08.659000,,,,,,23.0,35.6,74.8,1.6,True
2018,20,Brazilian Grand Prix,São Paulo,Q,2018-11-11,11,PER,perez,Racing Point,force_india,Sergio,Perez,,12.0,,,0 days 00:01:09.217000,0 days 00:01:08.741000,,,,,,23.0,35.6,74.8,1.6,True
2018,20,Brazilian Grand Prix,São Paulo,Q,2018-11-11,31,OCO,ocon,Racing Point,force_india,Esteban,Ocon,,13.0,,,0 days 00:01:09.264000,0 days 00:01:08.770000,,,,,,23.0,35.6,74.8,1.6,True
2018,20,Brazilian Grand Prix,São Paulo,Q,2018-11-11,27,HUL,hulkenberg,Renault,renault,Nico,Hulkenberg,,14.0,,,0 days 00:01:09.009000,0 days 00:01:08.834000,,,,,,23.0,35.6,74.8,1.6,True
2018,20,Brazilian Grand Prix,São Paulo,Q,2018-11-11,35,SIR,sirotkin,Williams,williams,Sergey,Sirotkin,,15.0,,,0 days 00:01:09.259000,0 days 00:01:10.381000,,,,,,23.0,35.6,74.8,1.6,True
2018,20,Brazilian Grand Prix,São Paulo,Q,2018-11-11,55,SAI,sainz,Renault,renault,Carlos,Sainz,,16.0,,,0 days 00:01:09.269000,,,,,,,23.0,35.6,74.8,1.6,True
2018,20,Brazilian Grand Prix,São Paulo,Q,2018-11-11,28,HAR,brendon_hartley,Toro Rosso,toro_rosso,Brendon,Hartley,,17.0,,,0 days 00:01:09.280000,,,,,,,23.0,35.6,74.8,1.6,True
2018,20,Brazilian Grand Prix,São Paulo,Q,2018-11-11,14,ALO,alonso,McLaren,mclaren,Fernando,Alonso,,18.0,,,0 days 00:01:09.402000,,,,,,,23.0,35.6,74.8,1.6,True
2018,20,Brazilian Grand Prix,São Paulo,Q,2018-11-11,18,STR,stroll,Williams,williams,Lance,Stroll,,19.0,,,0 days 00:01:09.441000,,,,,,,23.0,35.6,74.8,1.6,True
2018,20,Brazilian Grand Prix,São Paulo,Q,2018-11-11,2,VAN,vandoorne,McLaren,mclaren,Stoffel,Vandoorne,,20.0,,,0 days 00:01:09.601000,,,,,,,23.0,35.6,74.8,1.6,True
2018,21,Abu Dhabi Grand Prix,Yas Marina,Q,2018-11-25,44,HAM,hamilton,Mercedes,mercedes,Lewis,Hamilton,,1.0,,,0 days 00:01:36.828000,0 days 00:01:35.693000,0 days 00:01:34.794000,,,,,28.7,31.8,46.7,1.7,False
2018,21,Abu Dhabi Grand Prix,Yas Marina,Q,2018-11-25,77,BOT,bottas,Mercedes,mercedes,Valtteri,Bottas,,2.0,,,0 days 00:01:36.789000,0 days 00:01:36.392000,0 days 00:01:34.956000,,,,,28.7,31.8,46.7,1.7,False
2018,21,Abu Dhabi Grand Prix,Yas Marina,Q,2018-11-25,5,VET,vettel,Ferrari,ferrari,Sebastian,Vettel,,3.0,,,0 days 00:01:36.775000,0 days 00:01:36.345000,0 days 00:01:35.125000,,,,,28.7,31.8,46.7,1.7,False
2018,21,Abu Dhabi Grand Prix,Yas Marina,Q,2018-11-25,7,RAI,raikkonen,Ferrari,ferrari,Kimi,Räikkönen,,4.0,,,0 days 00:01:37.010000,0 days 00:01:36.735000,0 days 00:01:35.365000,,,,,28.7,31.8,46.7,1.7,False
2018,21,Abu Dhabi Grand Prix,Yas Marina,Q,2018-11-25,3,RIC,ricciardo,Red Bull Racing,red_bull,Daniel,Ricciardo,,5.0,,,0 days 00:01:37.117000,0 days 00:01:36.964000,0 days 00:01:35.401000,,,,,28.7,31.8,46.7,1.7,False
2018,21,Abu Dhabi Grand Prix,Yas Marina,Q,2018-11-25,33,VER,max_verstappen,Red Bull Racing,red_bull,Max,Verstappen,,6.0,,,0 days 00:01:37.195000,0 days 00:01:36.144000,0 days 00:01:35.589000,,,,,28.7,31.8,46.7,1.7,False
2018,21,Abu Dhabi Grand Prix,Yas Marina,Q,2018-11-25,8,GRO,grosjean,Haas F1 Team,haas,Romain,Grosjean,,7.0,,,0 days 00:01:37.575000,0 days 00:01:36.732000,0 days 00:01:36.192000,,,,,28.7,31.8,46.7,1.7,False
2018,21,Abu Dhabi Grand Prix,Yas Marina,Q,2018-11-25,16,LEC,leclerc,Sauber,sauber,Charles,Leclerc,,8.0,,,0 days 00:01:37.124000,0 days 00:01:36.580000,0 days 00:01:36.237000,,,,,28.7,31.8,46.7,1.7,False
2018,21,Abu Dhabi Grand Prix,Yas Marina,Q,2018-11-25,31,OCO,ocon,Racing Point,force_india,Esteban,Ocon,,9.0,,,0 days 00:01:36.936000,0 days 00:01:36.814000,0 days 00:01:36.540000,,,,,28.7,31.8,46.7,1.7,False
2018,21,Abu Dhabi Grand Prix,Yas Marina,Q,2018-11-25,27,HUL,hulkenberg,Renault,renault,Nico,Hulkenberg,,10.0,,,0 days 00:01:37.569000,0 days 00:01:36.630000,0 days 00:01:36.542000,,,,,28.7,31.8,46.7,1.7,False
2018,21,Abu Dhabi Grand Prix,Yas Marina,Q,2018-11-25,55,SAI,sainz,Renault,renault,Carlos,Sainz,,11.0,,,0 days 00:01:37.757000,0 days 00:01:36.982000,,,,,,28.7,31.8,46.7,1.7,False
2018,21,Abu Dhabi Grand Prix,Yas Marina,Q,2018-11-25,9,ERI,ericsson,Sauber,sauber,Marcus,Ericsson,,12.0,,,0 days 00:01:37.619000,0 days 00:01:37.132000,,,,,,28.7,31.8,46.7,1.7,False
2018,21,Abu Dhabi Grand Prix,Yas Marina,Q,2018-11-25,20,MAG,kevin_magnussen,Haas F1 Team,haas,Kevin,Magnussen,,13.0,,,0 days 00:01:37.934000,0 days 00:01:37.309000,,,,,,28.7,31.8,46.7,1.7,False
2018,21,Abu Dhabi Grand Prix,Yas Marina,Q,2018-11-25,11,PER,perez,Racing Point,force_india,Sergio,Perez,,14.0,,,0 days 00:01:37.255000,0 days 00:01:37.541000,,,,,,28.7,31.8,46.7,1.7,False
2018,21,Abu Dhabi Grand Prix,Yas Marina,Q,2018-11-25,14,ALO,alonso,McLaren,mclaren,Fernando,Alonso,,15.0,,,0 days 00:01:37.890000,0 days 00:01:37.743000,,,,,,28.7,31.8,46.7,1.7,False
2018,21,Abu Dhabi Grand Prix,Yas Marina,Q,2018-11-25,28,HAR,brendon_hartley,Toro Rosso,toro_rosso,Brendon,Hartley,,16.0,,,0 days 00:01:37.994000,,,,,,,28.7,31.8,46.7,1.7,False
2018,21,Abu Dhabi Grand Prix,Yas Marina,Q,2018-11-25,10,GAS,gasly,Toro Rosso,toro_rosso,Pierre,Gasly,,17.0,,,0 days 00:01:38.166000,,,,,,,28.7,31.8,46.7,1.7,False
2018,21,Abu Dhabi Grand Prix,Yas Marina,Q,2018-11-25,2,VAN,vandoorne,McLaren,mclaren,Stoffel,Vandoorne,,18.0,,,0 days 00:01:38.577000,,,,,,,28.7,31.8,46.7,1.7,False
2018,21,Abu Dhabi Grand Prix,Yas Marina,Q,2018-11-25,35,SIR,sirotkin,Williams,williams,Sergey,Sirotkin,,19.0,,,0 days 00:01:38.635000,,,,,,,28.7,31.8,46.7,1.7,False
2018,21,Abu Dhabi Grand Prix,Yas Marina,Q,2018-11-25,18,STR,stroll,Williams,williams,Lance,Stroll,,20.0,,,0 days 00:01:38.682000,,,,,,,28.7,31.8,46.7,1.7,False
